Workbook

Sheet original_file
A1: vaerk_id | B1: vrkanl_ny | C1: aar | D1: vaerk_navn | E1: vaerk_postnr | F1: vaerk_postdistrikt | G1: vaerk_kommune | H1: fv_net | I1: fv_net_navn | J1: selskab_id | K1: cvr | L1: selskab_navn | M1: kvoteaktivitet | N1: vrktypeid | O1: vrktypenavn | P1: anlaeg_navn | Q1: anlaegstype_navn | R1: DB07 | S1: NR117 | T1: aktoer | U1: idriftdato | V1: skrotdato | W1: indfyretkapacitet_MW | X1: elkapacitet_MW | Y1: varmekapacitet_MW | Z1: brutto_TJ | AA1: varmeprod_TJ | AB1: varmelev_TJ | AC1: elprod_TJ | AD1: ellev_TJ | AE1: andel_varmelev | AF1: andel_el | AG1: andel_process | AH1: kul_TJ | AI1: fuelolie_TJ | AJ1: spildolie_TJ | AK1: gasolie_TJ | AL1: raffinaderigas_TJ | AM1: lpg_TJ | AN1: naturgas_TJ | AO1: affald_TJ | AP1: biogas_TJ | AQ1: halm_TJ | AR1: skovflis_TJ | AS1: trae- og biomasseaffald_TJ | AT1: traepiller_TJ | AU1: bio-olie_TJ | AV1: braendselsfrit_TJ | AW1: solenergi_TJ | AX1: vandkraft_TJ | AY1: elektricitet_TJ | AZ1: omgivelsesvarme_TJ
A2: 1 | B2: 1-14 | C2: 2022 | D2: Crossbridge Energy A/S | E2: 7000 | F2: Fredericia | G2: 607 | H2: 81 | I2: TVIS | J2: 1 | K2: 10373816 | L2: Crossbridge Energy A/S | M2: 2 | N2: ER | O2: Erhvervsværk | P2: U-5800 Overskudsvarme (del af 1-2) | Q2: Overskudsvarme | R2: 192000 | S2: 190000 | T2: pvp | U2: 34335 | W2: 56 | X2: 0 | Y2: 56 | Z2: 1513.13 | AA2: 1513.13 | AB2: 1513.13 | AC2: 0 | AD2: 0 | AE2: 1 | AF2: 0 | AG2: 0 | AV2: 1513.13
A3: 1 | B3: 1-2 | C3: 2022 | D3: Crossbridge Energy A/S | E3: 7000 | F3: Fredericia | G3: 607 | H3: 81 | I3: TVIS | J3: 1 | K3: 10373816 | L3: Crossbridge Energy A/S | M3: 2 | N3: ER | O3: Erhvervsværk | P3: U-2000 Gasturbine | Q3: Gasturbine | R3: 192000 | S3: 190000 | T3: pev | U3: 33970 | W3: 97.23 | X3: 26 | Y3: 52 | Z3: 1883.0078 | AA3: 744.23 | AB3: 251.75 | AC3: 498.44009 | AD3: 498.44009 | AE3: 0.10695654 | AF3: 0.68381225 | AG3: 0.20923121 | AL3: 1883.0078
A4: 2 | B4: 2-8 | C4: 2022 | D4: Assens Fjernvarme Stejlebjergvej | E4: 5610 | F4: Assens | G4: 420 | H4: 71 | I4: Assens Fjernvarme | J4: 2362 | K4: 40517987 | L4: Assens Fjernvarme Produktion A/S | N4: DC | O4: Decentralt værk | P4: Varmepumpe | Q4: Varmepumpe Luft | R4: 353000 | S4: 350030 | T4: fvv | U4: 44343 | W4: 2.3 | X4: 0 | Y4: 7.2 | Z4: 27.4446 | AA4: 27.4446 | AB4: 27.4446 | AC4: 0 | AD4: 0 | AE4: 1 | AF4: 0 | AG4: 0 | AY4: 8.9960162 | AZ4: 18.448584
A5: 2 | B5: 2-1 | C5: 2022 | D5: Assens Fjernvarme Stejlebjergvej | E5: 5610 | F5: Assens | G5: 420 | H5: 71 | I5: Assens Fjernvarme | J5: 2362 | K5: 40517987 | L5: Assens Fjernvarme Produktion A/S | N5: DC | O5: Decentralt værk | P5: Blok I | Q5: Kedel | R5: 353000 | S5: 350030 | T5: fvv | U5: 30713 | W5: 20.8 | X5: 0 | Y5: 18.9 | Z5: 18.48307 | AA5: 17.577612 | AB5: 17.577612 | AC5: 0 | AD5: 0 | AE5: 1 | AF5: 0 | AG5: 0 | AT5: 18.48307
A6: 2 | B6: 2-4 | C6: 2022 | D6: Assens Fjernvarme Stejlebjergvej | E6: 5610 | F6: Assens | G6: 420 | H6: 71 | I6: Assens Fjernvarme | J6: 2362 | K6: 40517987 | L6: Assens Fjernvarme Produktion A/S | N6: DC | O6: Decentralt værk | P6: Blok II | Q6: Dampturbine | R6: 353000 | S6: 350030 | T6: kvt | U6: 36242 | W6: 17.2 | X6: 4.7 | Y6: 14.9 | Z6: 374.50837 | AA6: 275.28725 | AB6: 267.92435 | AC6: 68.56848 | AD6: 64.33956 | AE6: 0.5880504 | AF6: 0.4119496 | AG6: 0 | AK6: 0.17744 | AR6: 374.33093
A7: 3 | B7: 3-3 | C7: 2022 | D7: Assens Fjernvarme (Mariagerfjord) | E7: 9550 | F7: Mariager | G7: 846 | H7: 209 | I7: Assens (v. Mariager) Fjernvarme | J7: 4 | K7: 27837417 | L7: ASSENS FJERNVARME A M B A | N7: FJ | O7: Fjernvarmeværk | P7: Fliskedel | Q7: Kedel | R7: 353000 | S7: 350030 | T7: fvv | U7: 39722 | W7: 6 | X7: 0 | Y7: 6 | Z7: 73.7496 | AA7: 72.2736 | AB7: 72.2736 | AC7: 0 | AD7: 0 | AE7: 1 | AF7: 0 | AG7: 0 | AR7: 73.7496
A8: 3 | B8: 3-2 | C8: 2022 | D8: Assens Fjernvarme (Mariagerfjord) | E8: 9550 | F8: Mariager | G8: 846 | H8: 209 | I8: Assens (v. Mariager) Fjernvarme | J8: 4 | K8: 27837417 | L8: ASSENS FJERNVARME A M B A | N8: FJ | O8: Fjernvarmeværk | P8: Oliereservekedel | Q8: Kedel | R8: 353000 | S8: 350030 | T8: fvv | U8: 34639 | W8: 5.8 | X8: 0 | Y8: 5.8 | Z8: 0 | AA8: 0 | AB8: 0 | AC8: 0 | AD8: 0 | AE8: 1 | AF8: 0 | AG8: 0 | AK8: 0
A9: 4 | B9: 4-3 | C9: 2022 | D9: Aulum Fjernvarme A.m.b.a. (Rugbjergvej 3) | E9: 7490 | F9: Aulum | G9: 657 | H9: 159 | I9: Aulum Fjernvarme | J9: 5 | K9: 39042010 | L9: AULUM FJERNVARME AMBA | N9: FJ | O9: Fjernvarmeværk | P9: Kedel 2 6,6 MW, Naturgas | Q9: Kedel | R9: 353000 | S9: 350030 | T9: fvv | U9: 23986 | V9: 45291 | W9: 6.6 | X9: 0 | Y9: 5.9 | Z9: 0 | AA9: 0 | AB9: 0 | AC9: 0 | AD9: 0 | AE9: 1 | AF9: 0 | AG9: 0 | AN9: 0
A10: 4 | B10: 4-2 | C10: 2022 | D10: Aulum Fjernvarme A.m.b.a. (Rugbjergvej 3) | E10: 7490 | F10: Aulum | G10: 657 | H10: 159 | I10: Aulum Fjernvarme | J10: 5 | K10: 39042010 | L10: AULUM FJERNVARME AMBA | N10: FJ | O10: Fjernvarmeværk | P10: Kedel 1 4,1 MW, Gasolie | Q10: Kedel | R10: 353000 | S10: 350030 | T10: fvv | U10: 27973 | V10: 45291 | W10: 4.1 | X10: 0 | Y10: 3.28 | Z10: 0 | AA10: 0 | AB10: 0 | AC10: 0 | AD10: 0 | AE10: 1 | AF10: 0 | AG10: 0 | AK10: 0 | AM10: 0
A11: 5 | B11: 5-7 | C11: 2022 | D11: Aulum Fjernvarme A.m.b.a. (Kulvej 5) | E11: 7490 | F11: Aulum | G11: 657 | H11: 159 | I11: Aulum Fjernvarme | J11: 5 | K11: 39042010 | L11: AULUM FJERNVARME AMBA | M11: 1 | N11: DC | O11: Decentralt værk | P11: Varmepumpe 1 og 2 | Q11: Varmepumpe Luft | R11: 353000 | S11: 350030 | T11: fvv | U11: 44084 | W11: 1.2 | X11: 0 | Y11: 4 | Z11: 50.44068 | AA11: 50.44068 | AB11: 46.905624 | AC11: 0 | AD11: 0 | AE11: 1 | AF11: 0 | AG11: 0 | AY11: 16.259868 | AZ11: 34.180812
A12: 5 | B12: 5-2 | C12: 2022 | D12: Aulum Fjernvarme A.m.b.a. (Kulvej 5) | E12: 7490 | F12: Aulum | G12: 657 | H12: 159 | I12: Aulum Fjernvarme | J12: 5 | K12: 39042010 | L12: AULUM FJERNVARME AMBA | M12: 1 | N12: DC | O12: Decentralt værk | P12: Gasmotor | Q12: Forbrændingsmotor | R12: 353000 | S12: 350030 | T12: kvt | U12: 39063 | W12: 11.34 | X12: 5.1 | Y12: 5.65 | Z12: 17.865619 | AA12: 9.14616 | AB12: 9.14616 | AC12: 7.972812 | AD12: 7.902 | AE12: 0.40955356 | AF12: 0.59044644 | AG12: 0 | AN12: 17.865619
A13: 5 | B13: 5-3 | C13: 2022 | D13: Aulum Fjernvarme A.m.b.a. (Kulvej 5) | E13: 7490 | F13: Aulum | G13: 657 | H13: 159 | I13: Aulum Fjernvarme | J13: 5 | K13: 39042010 | L13: AULUM FJERNVARME AMBA | M13: 1 | N13: DC | O13: Decentralt værk | P13: Naturgas kedel | Q13: Kedel | R13: 353000 | S13: 350030 | T13: fvv | U13: 38749 | W13: 11 | X13: 0 | Y13: 11 | Z13: 2.9740392 | AA13: 3.05316 | AB13: 3.05316 | AC13: 0 | AD13: 0 | AE13: 1 | AF13: 0 | AG13: 0 | AN13: 2.9740392
A14: 5 | B14: 5-5 | C14: 2022 | D14: Aulum Fjernvarme A.m.b.a. (Kulvej 5) | E14: 7490 | F14: Aulum | G14: 657 | H14: 159 | I14: Aulum Fjernvarme | J14: 5 | K14: 39042010 | L14: AULUM FJERNVARME AMBA | M14: 1 | N14: DC | O14: Decentralt værk | P14: Elkedel (ikke kvoteomfattet) | Q14: Elpatron | R14: 353000 | S14: 350030 | T14: fvv | U14: 40452 | W14: 10 | X14: 0 | Y14: 10 | Z14: 21.703788 | AA14: 21.51864 | AB14: 21.51864 | AC14: 0 | AD14: 0 | AE14: 1 | AF14: 0 | AG14: 0 | AY14: 21.703788
A15: 5 | B15: 5-6 | C15: 2022 | D15: Aulum Fjernvarme A.m.b.a. (Kulvej 5) | E15: 7490 | F15: Aulum | G15: 657 | H15: 159 | I15: Aulum Fjernvarme | J15: 5 | K15: 39042010 | L15: AULUM FJERNVARME AMBA | M15: 1 | N15: DC | O15: Decentralt værk | P15: Solvarme | Q15: Solvarme | R15: 353000 | S15: 350030 | T15: fvv | U15: 42248 | W15: 11.1 | X15: 0 | Y15: 11.1 | Z15: 28.5372 | AA15: 28.5372 | AB15: 27.3996 | AC15: 0 | AD15: 0 | AE15: 1 | AF15: 0 | AG15: 0 | AW15: 28.5372
A16: 6 | B16: 6-10 | C16: 2022 | D16: Aabybro Fjernvarmeværk | E16: 9440 | F16: Aabybro | G16: 849 | H16: 329 | I16: Aabybro Fjernvarme | J16: 6 | K16: 17779710 | L16: Aabybro-Jetsmark Fjernvarme A.m.b.a. | N16: FJ | O16: Fjernvarmeværk | P16: Biomasse kedel | Q16: Kedel | R16: 353000 | S16: 350030 | T16: fvv | U16: 42474 | W16: 10 | X16: 0 | Y16: 10 | Z16: 149.957 | AA16: 158.2956 | AB16: 158.2956 | AC16: 0 | AD16: 0 | AE16: 1 | AF16: 0 | AG16: 0 | AR16: 149.957
A17: 6 | B17: 6-8 | C17: 2022 | D17: Aabybro Fjernvarmeværk | E17: 9440 | F17: Aabybro | G17: 849 | H17: 329 | I17: Aabybro Fjernvarme | J17: 6 | K17: 17779710 | L17: Aabybro-Jetsmark Fjernvarme A.m.b.a. | N17: FJ | O17: Fjernvarmeværk | P17: Gaskedel 3 | Q17: Kedel | R17: 353000 | S17: 350030 | T17: fvv | U17: 31413 | W17: 4 | X17: 0 | Y17: 4 | Z17: 0 | AA17: 0 | AB17: 0 | AC17: 0 | AD17: 0 | AE17: 1 | AF17: 0 | AG17: 0 | AN17: 0
A18: 6 | B18: 6-11 | C18: 2022 | D18: Aabybro Fjernvarmeværk | E18: 9440 | F18: Aabybro | G18: 849 | H18: 329 | I18: Aabybro Fjernvarme | J18: 6 | K18: 17779710 | L18: Aabybro-Jetsmark Fjernvarme A.m.b.a. | N18: FJ | O18: Fjernvarmeværk | P18: Solvarme | Q18: Solvarme | R18: 353000 | S18: 350030 | T18: fvv | U18: 43358 | W18: 17 | X18: 0 | Y18: 17 | Z18: 54.0612 | AA18: 54.0612 | AB18: 54.0612 | AC18: 0 | AD18: 0 | AE18: 1 | AF18: 0 | AG18: 0 | AW18: 54.0612
A19: 6 | B19: 6-9 | C19: 2022 | D19: Aabybro Fjernvarmeværk | E19: 9440 | F19: Aabybro | G19: 849 | H19: 329 | I19: Aabybro Fjernvarme | J19: 6 | K19: 17779710 | L19: Aabybro-Jetsmark Fjernvarme A.m.b.a. | N19: FJ | O19: Fjernvarmeværk | P19: Gaskedel 4 | Q19: Kedel | R19: 353000 | S19: 350030 | T19: fvv | U19: 31413 | W19: 4 | X19: 0 | Y19: 4 | Z19: 0 | AA19: 0 | AB19: 0 | AC19: 0 | AD19: 0 | AE19: 1 | AF19: 0 | AG19: 0 | AN19: 0
A20: 7 | B20: 7-16 | C20: 2022 | D20: Aalborg Portland A/S | E20: 9220 | F20: Aalborg Øst | G20: 851 | H20: 295 | I20: Aalborg Fjernvarme | J20: 2258 | K20: 36428112 | L20: Aalborg Portland A/S | M20: 10 | N20: ER | O20: Erhvervsværk | P20: Varmegenvindingsanlæg for ovn 73,74,78,79 | Q20: Overskudsvarme | R20: 235100 | S20: 230020 | T20: pvp | U20: 33554 | W20: 182 | X20: 0 | Y20: 70 | Z20: 884.01252 | AA20: 844.054 | AB20: 820.203 | AC20: 0 | AD20: 0 | AE20: 0.97174233 | AF20: 0 | AG20: 0.028257671 | AV20: 844.054 | AY20: 39.958524
A21: 7 | B21: 7-17 | C21: 2022 | D21: Aalborg Portland A/S | E21: 9220 | F21: Aalborg Øst | G21: 851 | H21: 295 | I21: Aalborg Fjernvarme | J21: 2258 | K21: 36428112 | L21: Aalborg Portland A/S | M21: 10 | N21: ER | O21: Erhvervsværk | P21: Varmegevindingsanlæg for ovn 76 | Q21: Overskudsvarme | R21: 235100 | S21: 230020 | T21: pvp | U21: 37945 | W21: 80 | X21: 0 | Y21: 32 | Z21: 469.6801 | AA21: 462.917 | AB21: 462.917 | AC21: 0 | AD21: 0 | AE21: 1 | AF21: 0 | AG21: 0 | AV21: 462.917 | AY21: 6.7630968
A22: 8 | B22: 8-2 | C22: 2022 | D22: Nordværk I/S, Energianlæg Hjørring | E22: 9800 | F22: Hjørring | G22: 860 | H22: 298 | I22: Hjørring Fjernvarme (inkl. Hirtshals Fjernvarme fra 2011) | J22: 1378 | K22: 46076753 | L22: Nordværk I/S | M22: 1 | N22: ER | O22: Erhvervsværk | P22: Ovnlinje 3 | Q22: Dampturbine | R22: 382120 | S22: 383900 | T22: pev | U22: 35886 | W22: 20.5 | X22: 4.6 | Y22: 16.8 | Z22: 690.75712 | AA22: 545.68879 | AB22: 532.1961 | AC22: 130.41936 | AD22: 105.53112 | AE22: 0.61636264 | AF22: 0.36801081 | AG22: 0.015626554 | AJ22: 0.200282 | AK22: 0.6836822 | AO22: 642.69867 | AS22: 47.17449
A23: 8 | B23: 8-1 | C23: 2022 | D23: Nordværk I/S, Energianlæg Hjørring | E23: 9800 | F23: Hjørring | G23: 860 | H23: 298 | I23: Hjørring Fjernvarme (inkl. Hirtshals Fjernvarme fra 2011) | J23: 1378 | K23: 46076753 | L23: Nordværk I/S | M23: 1 | N23: ER | O23: Erhvervsværk | P23: Ovnlinje 2 | Q23: Kedel | R23: 382120 | S23: 383900 | T23: pvp | U23: 31413 | W23: 11.1 | X23: 0 | Y23: 18.5 | Z23: 292.96679 | AA23: 312.62954 | AB23: 304.89948 | AC23: 0 | AD23: 0 | AE23: 0.97527405 | AF23: 0 | AG23: 0.024725955 | AJ23: 0.051118 | AK23: 0.2826556 | AO23: 272.37834 | AS23: 20.254679
A24: 9 | B24: 9-3 | C24: 2022 | D24: Agersted Varmeværk | E24: 9330 | F24: Dronninglund | G24: 810 | H24: 280 | I24: Agersted Fjernvarme | J24: 9 | K24: 19774015 | L24: AGERSTED VARMEVÆRK | N24: DC | O24: Decentralt værk | P24: Kedelanlæg | Q24: Kedel | R24: 353000 | S24: 350030 | T24: fvv | U24: 32143 | W24: 1.7 | X24: 0 | Y24: 1.86 | Z24: 1.9822572 | AA24: 1.98216 | AB24: 1.98216 | AC24: 0 | AD24: 0 | AE24: 1 | AF24: 0 | AG24: 0 | AN24: 1.9822572
A25: 9 | B25: 9-5 | C25: 2022 | D25: Agersted Varmeværk | E25: 9330 | F25: Dronninglund | G25: 810 | H25: 280 | I25: Agersted Fjernvarme | J25: 9 | K25: 19774015 | L25: AGERSTED VARMEVÆRK | N25: DC | O25: Decentralt værk | P25: Motor 1 | Q25: Forbrændingsmotor | R25: 353000 | S25: 350030 | T25: kvt | U25: 38615 | W25: 3.3 | X25: 1.41 | Y25: 1.9 | Z25: 2.0181348 | AA25: 1.01628 | AB25: 1.01628 | AC25: 0.72972 | AD25: 0.72972 | AE25: 0.40285912 | AF25: 0.59714088 | AG25: 0 | AN25: 2.0181348
A26: 10 | B26: 10-4 | C26: 2022 | D26: Albertslund Varmeværk | E26: 2620 | F26: Albertslund | G26: 165 | H26: 2 | I26: Storkøbenhavns Fjernvarme | J26: 10 | K26: 66137112 | L26: Albertslund Kommune | M26: 1 | N26: FJ | O26: Fjernvarmeværk | P26: Kedel 5 Falk.b. | Q26: Kedel | R26: 353000 | S26: 350030 | T26: fvv | U26: 24108 | W26: 10.1 | X26: 0 | Y26: 9.3 | Z26: 0.011088 | AA26: 0.01038 | AB26: 0.01038 | AC26: 0 | AD26: 0 | AE26: 1 | AF26: 0 | AG26: 0 | AN26: 0.011088
A27: 10 | B27: 10-5 | C27: 2022 | D27: Albertslund Varmeværk | E27: 2620 | F27: Albertslund | G27: 165 | H27: 2 | I27: Storkøbenhavns Fjernvarme | J27: 10 | K27: 66137112 | L27: Albertslund Kommune | M27: 1 | N27: FJ | O27: Fjernvarmeværk | P27: Kedel 6 Parca | Q27: Kedel | R27: 353000 | S27: 350030 | T27: fvv | U27: 24838 | W27: 24.754 | X27: 0 | Y27: 21.888 | Z27: 5.075605 | AA27: 4.022 | AB27: 4.022 | AC27: 0 | AD27: 0 | AE27: 1 | AF27: 0 | AG27: 0 | AK27: 5.075605
A28: 10 | B28: 10-2 | C28: 2022 | D28: Albertslund Varmeværk | E28: 2620 | F28: Albertslund | G28: 165 | H28: 2 | I28: Storkøbenhavns Fjernvarme | J28: 10 | K28: 66137112 | L28: Albertslund Kommune | M28: 1 | N28: FJ | O28: Fjernvarmeværk | P28: Kedel 3 Parca | Q28: Kedel | R28: 353000 | S28: 350030 | T28: fvv | U28: 25934 | W28: 25.3 | X28: 0 | Y28: 23.3 | Z28: 6.772256 | AA28: 6.013 | AB28: 6.013 | AC28: 0 | AD28: 0 | AE28: 1 | AF28: 0 | AG28: 0 | AK28: 6.772256
A29: 10 | B29: 10-10 | C29: 2022 | D29: Albertslund Varmeværk | E29: 2620 | F29: Albertslund | G29: 165 | H29: 2 | I29: Storkøbenhavns Fjernvarme | J29: 10 | K29: 66137112 | L29: Albertslund Kommune | M29: 1 | N29: FJ | O29: Fjernvarmeværk | P29: Kedel 9 | Q29: Kedel | R29: 353000 | S29: 350030 | T29: fvv | U29: 27030 | W29: 24.405 | X29: 0 | Y29: 22.252 | Z29: 0 | AA29: 0 | AB29: 0 | AC29: 0 | AD29: 0 | AE29: 1 | AF29: 0 | AG29: 0 | AK29: 0 | AM29: 0
A30: 10 | B30: 10-6 | C30: 2022 | D30: Albertslund Varmeværk | E30: 2620 | F30: Albertslund | G30: 165 | H30: 2 | I30: Storkøbenhavns Fjernvarme | J30: 10 | K30: 66137112 | L30: Albertslund Kommune | M30: 1 | N30: FJ | O30: Fjernvarmeværk | P30: Kedel 7A | Q30: Kedel | R30: 353000 | S30: 350030 | T30: fvv | U30: 30317 | W30: 12.6 | X30: 0 | Y30: 11.6 | Z30: 0.9964152 | AA30: 0.756 | AB30: 0.756 | AC30: 0 | AD30: 0 | AE30: 1 | AF30: 0 | AG30: 0 | AN30: 0.9964152
A31: 10 | B31: 10-9 | C31: 2022 | D31: Albertslund Varmeværk | E31: 2620 | F31: Albertslund | G31: 165 | H31: 2 | I31: Storkøbenhavns Fjernvarme | J31: 10 | K31: 66137112 | L31: Albertslund Kommune | M31: 1 | N31: FJ | O31: Fjernvarmeværk | P31: Kedel 8B | Q31: Kedel | R31: 353000 | S31: 350030 | T31: fvv | U31: 30317 | W31: 12.6 | X31: 0 | Y31: 11.6 | Z31: 6.1495078 | AA31: 5.78339 | AB31: 5.78339 | AC31: 0 | AD31: 0 | AE31: 1 | AF31: 0 | AG31: 0 | AK31: 6.130183 | AN31: 0.0193248
A32: 10 | B32: 10-8 | C32: 2022 | D32: Albertslund Varmeværk | E32: 2620 | F32: Albertslund | G32: 165 | H32: 2 | I32: Storkøbenhavns Fjernvarme | J32: 10 | K32: 66137112 | L32: Albertslund Kommune | M32: 1 | N32: FJ | O32: Fjernvarmeværk | P32: Kedel 8A | Q32: Kedel | R32: 353000 | S32: 350030 | T32: fvv | U32: 30317 | W32: 12.6 | X32: 0 | Y32: 11.6 | Z32: 3.7388144 | AA32: 3.185 | AB32: 3.185 | AC32: 0 | AD32: 0 | AE32: 1 | AF32: 0 | AG32: 0 | AK32: 2.596988 | AN32: 1.1418264
A33: 10 | B33: 10-7 | C33: 2022 | D33: Albertslund Varmeværk | E33: 2620 | F33: Albertslund | G33: 165 | H33: 2 | I33: Storkøbenhavns Fjernvarme | J33: 10 | K33: 66137112 | L33: Albertslund Kommune | M33: 1 | N33: FJ | O33: Fjernvarmeværk | P33: Kedel 7B | Q33: Kedel | R33: 353000 | S33: 350030 | T33: fvv | U33: 30317 | W33: 12.6 | X33: 0 | Y33: 11.6 | Z33: 13.111041 | AA33: 11.746 | AB33: 11.746 | AC33: 0 | AD33: 0 | AE33: 1 | AF33: 0 | AG33: 0 | AK33: 13.067441 | AN33: 0.0435996
A34: 10 | B34: 10-3 | C34: 2022 | D34: Albertslund Varmeværk | E34: 2620 | F34: Albertslund | G34: 165 | H34: 2 | I34: Storkøbenhavns Fjernvarme | J34: 10 | K34: 66137112 | L34: Albertslund Kommune | M34: 1 | N34: FJ | O34: Fjernvarmeværk | P34: Kedel 4 Falk.b. | Q34: Kedel | R34: 353000 | S34: 350030 | T34: fvv | U34: 24108 | W34: 10.1 | X34: 0 | Y34: 9.3 | Z34: 0.0203544 | AA34: 0.01802 | AB34: 0.01802 | AC34: 0 | AD34: 0 | AE34: 1 | AF34: 0 | AG34: 0 | AN34: 0.0203544
A35: 11 | B35: 11-4 | C35: 2022 | D35: Allingåbro Varmeværk | E35: 8961 | F35: Allingåbro | G35: 707 | H35: 219 | I35: Allingåbro Fjernvarme | J35: 11 | K35: 18027410 | L35: ALLINGÅBRO VARMEVÆRK A M B A | N35: FJ | O35: Fjernvarmeværk | P35: Flis-kedel | Q35: Kedel | R35: 353000 | S35: 350030 | T35: fvv | U35: 37530 | W35: 4.985 | X35: 0 | Y35: 6 | Z35: 54.993411 | AA35: 58.692852 | AB35: 58.692852 | AC35: 0 | AD35: 0 | AE35: 1 | AF35: 0 | AG35: 0 | AR35: 54.993411
A36: 11 | B36: 11-3 | C36: 2022 | D36: Allingåbro Varmeværk | E36: 8961 | F36: Allingåbro | G36: 707 | H36: 219 | I36: Allingåbro Fjernvarme | J36: 11 | K36: 18027410 | L36: ALLINGÅBRO VARMEVÆRK A M B A | N36: FJ | O36: Fjernvarmeværk | P36: Oliekedel (ny) | Q36: Kedel | R36: 353000 | S36: 350030 | T36: fvv | U36: 39264 | V36: 45684 | W36: 5.5 | X36: 0 | Y36: 5.5 | Z36: 1.087142 | AA36: 1.095948 | AB36: 1.095948 | AC36: 0 | AD36: 0 | AE36: 1 | AF36: 0 | AG36: 0 | AK36: 1.087142
A37: 12 | B37: 12-1 | C37: 2022 | D37: Als Fjernvarme, Rørsangervej 3 | E37: 9560 | F37: Hadsund | G37: 846 | H37: 292 | I37: Als Fjernvarme | J37: 12 | K37: 11304028 | L37: ALS FJERNVARME AMBA | N37: FJ | O37: Fjernvarmeværk | P37: Oliecentral | Q37: Kedel | R37: 353000 | S37: 350030 | T37: fvv | U37: 23743 | W37: 5.5 | X37: 0 | Y37: 5.5 | Z37: 0 | AA37: 0 | AB37: 0 | AC37: 0 | AD37: 0 | AE37: 1 | AF37: 0 | AG37: 0 | AK37: 0
A38: 13 | B38: 13-2 | C38: 2022 | D38: Als Fjernvarme, Rørsangervej 26 | E38: 9560 | F38: Hadsund | G38: 846 | H38: 292 | I38: Als Fjernvarme | J38: 12 | K38: 11304028 | L38: ALS FJERNVARME AMBA | N38: FJ | O38: Fjernvarmeværk | P38: Solvarme 6000m2 | Q38: Solvarme | R38: 353000 | S38: 350030 | T38: fvv | U38: 42461 | W38: 4 | X38: 0 | Y38: 4 | Z38: 10.872 | AA38: 10.872 | AB38: 10.872 | AC38: 0 | AD38: 0 | AE38: 1 | AF38: 0 | AG38: 0 | AW38: 10.872
A39: 13 | B39: 13-1 | C39: 2022 | D39: Als Fjernvarme, Rørsangervej 26 | E39: 9560 | F39: Hadsund | G39: 846 | H39: 292 | I39: Als Fjernvarme | J39: 12 | K39: 11304028 | L39: ALS FJERNVARME AMBA | N39: FJ | O39: Fjernvarmeværk | P39: Halm central | Q39: Kedel | R39: 353000 | S39: 350030 | T39: fvv | U39: 37895 | W39: 3.5 | X39: 0 | Y39: 3.15 | Z39: 48.7925 | AA39: 46.4292 | AB39: 46.4292 | AC39: 0 | AD39: 0 | AE39: 1 | AF39: 0 | AG39: 0 | AQ39: 25.5925 | AS39: 23.2
A40: 15 | B40: 15-5 | C40: 2022 | D40: Flauenskjold Varmeværk A.m.b.a | E40: 9330 | F40: Dronninglund | G40: 810 | H40: 283 | I40: Flauenskjold Fjernvarme | J40: 14 | K40: 20023317 | L40: Flauenskjold Varmeværk A.m.b.a | N40: DC | O40: Decentralt værk | P40: varmepumpe | Q40: Varmepumpe Luft | R40: 353000 | S40: 350030 | T40: fvv | U40: 44866 | W40: 0.5 | X40: 0 | Y40: 1.6 | Z40: 2.8332 | AA40: 2.8332 | AB40: 2.8332 | AC40: 0 | AD40: 0 | AE40: 1 | AF40: 0 | AG40: 0 | AY40: 1.0044 | AZ40: 1.8288
A41: 15 | B41: 15-4 | C41: 2022 | D41: Flauenskjold Varmeværk A.m.b.a | E41: 9330 | F41: Dronninglund | G41: 810 | H41: 283 | I41: Flauenskjold Fjernvarme | J41: 14 | K41: 20023317 | L41: Flauenskjold Varmeværk A.m.b.a | N41: DC | O41: Decentralt værk | P41: Solvarme 2 - 1000 m2 | Q41: Solvarme | R41: 353000 | S41: 350030 | T41: fvv | U41: 44013 | W41: 0.7 | X41: 0 | Y41: 0.7 | Z41: 1.4868 | AA41: 1.4868 | AB41: 1.4868 | AC41: 0 | AD41: 0 | AE41: 1 | AF41: 0 | AG41: 0 | AW41: 1.4868
A42: 15 | B42: 15-3 | C42: 2022 | D42: Flauenskjold Varmeværk A.m.b.a | E42: 9330 | F42: Dronninglund | G42: 810 | H42: 283 | I42: Flauenskjold Fjernvarme | J42: 14 | K42: 20023317 | L42: Flauenskjold Varmeværk A.m.b.a | N42: DC | O42: Decentralt værk | P42: Solvarmeanlæg - 2963m2 | Q42: Solvarme | R42: 353000 | S42: 350030 | T42: fvv | U42: 41730 | W42: 2.1 | X42: 0 | Y42: 2.1 | Z42: 4.464 | AA42: 4.464 | AB42: 4.464 | AC42: 0 | AD42: 0 | AE42: 1 | AF42: 0 | AG42: 0 | AW42: 4.464
A43: 15 | B43: 15-1 | C43: 2022 | D43: Flauenskjold Varmeværk A.m.b.a | E43: 9330 | F43: Dronninglund | G43: 810 | H43: 283 | I43: Flauenskjold Fjernvarme | J43: 14 | K43: 20023317 | L43: Flauenskjold Varmeværk A.m.b.a | N43: DC | O43: Decentralt værk | P43: Kraftvarme pro. | Q43: Forbrændingsmotor | R43: 353000 | S43: 350030 | T43: kvt | U43: 33970 | W43: 1.85 | X43: 0.73 | Y43: 0.96 | Z43: 4.851 | AA43: 2.7 | AB43: 2.7 | AC43: 1.8072 | AD43: 1.8072 | AE43: 0.44526902 | AF43: 0.55473098 | AG43: 0 | AN43: 4.851
A44: 15 | B44: 15-2 | C44: 2022 | D44: Flauenskjold Varmeværk A.m.b.a | E44: 9330 | F44: Dronninglund | G44: 810 | H44: 283 | I44: Flauenskjold Fjernvarme | J44: 14 | K44: 20023317 | L44: Flauenskjold Varmeværk A.m.b.a | N44: DC | O44: Decentralt værk | P44: Kedel pro. | Q44: Kedel | R44: 353000 | S44: 350030 | T44: fvv | U44: 40909 | W44: 3.36 | X44: 0 | Y44: 2.91 | Z44: 9.2549952 | AA44: 9.2808 | AB44: 9.2808 | AC44: 0 | AD44: 0 | AE44: 1 | AF44: 0 | AG44: 0 | AN44: 9.2549952
A45: 16 | B45: 16-3 | C45: 2022 | D45: Teglværksvej 10 | E45: 5620 | F45: Glamsbjerg | G45: 420 | H45: 77 | I45: Glamsbjerg-Haarby Fjernvarme | J45: 15 | K45: 25387910 | L45: Glamsbjerg-Haarby Varmeværk a.m.b.a. | N45: DC | O45: Decentralt værk | P45: Kedel 2 | Q45: Kedel | R45: 353000 | S45: 350030 | T45: fvv | U45: 34516 | W45: 3.9 | X45: 0 | Y45: 3.7 | Z45: 0 | AA45: 0 | AB45: 0 | AC45: 0 | AD45: 0 | AE45: 1 | AF45: 0 | AG45: 0
A46: 16 | B46: 16-2 | C46: 2022 | D46: Teglværksvej 10 | E46: 5620 | F46: Glamsbjerg | G46: 420 | H46: 77 | I46: Glamsbjerg-Haarby Fjernvarme | J46: 15 | K46: 25387910 | L46: Glamsbjerg-Haarby Varmeværk a.m.b.a. | N46: DC | O46: Decentralt værk | P46: Kedel 1 | Q46: Kedel | R46: 353000 | S46: 350030 | T46: fvv | U46: 31048 | W46: 4.7 | X46: 0 | Y46: 4.7 | Z46: 3.836844 | AA46: 3.7332 | AB46: 3.7332 | AC46: 0 | AD46: 0 | AE46: 1 | AF46: 0 | AG46: 0 | AN46: 3.836844
A47: 16 | B47: 16-1 | C47: 2022 | D47: Teglværksvej 10 | E47: 5620 | F47: Glamsbjerg | G47: 420 | H47: 77 | I47: Glamsbjerg-Haarby Fjernvarme | J47: 15 | K47: 25387910 | L47: Glamsbjerg-Haarby Varmeværk a.m.b.a. | N47: DC | O47: Decentralt værk | P47: Kraftvarme | Q47: Forbrændingsmotor | R47: 353000 | S47: 350030 | T47: kvt | U47: 34516 | W47: 7.9 | X47: 3.7 | Y47: 4.2 | Z47: 2.6634168 | AA47: 1.18584 | AB47: 1.18584 | AC47: 0.99108 | AD47: 0.9716976 | AE47: 0.35618608 | AF47: 0.64381392 | AG47: 0 | AN47: 2.6634168
A48: 17 | B48: 17-1 | C48: 2022 | D48: Ikast El- og Varmeværk, Marsvej 4 | E48: 7430 | F48: Ikast | G48: 756 | H48: 163 | I48: Herning-Ikast Fjernvarme | J48: 16 | K48: 25161513 | L48: Energi Ikast Varme A/S | M48: 1 | N48: FJ | O48: Fjernvarmeværk | P48: Kedel 1 | Q48: Kedel | R48: 351100 | S48: 350010 | T48: fvv | U48: 38473 | W48: 12 | X48: 0 | Y48: 12 | Z48: 6.4178136 | AA48: 6.74676 | AB48: 6.74676 | AC48: 0 | AD48: 0 | AE48: 1 | AF48: 0 | AG48: 0 | AN48: 6.4178136
A49: 17 | B49: 17-3 | C49: 2022 | D49: Ikast El- og Varmeværk, Marsvej 4 | E49: 7430 | F49: Ikast | G49: 756 | H49: 163 | I49: Herning-Ikast Fjernvarme | J49: 16 | K49: 25161513 | L49: Energi Ikast Varme A/S | M49: 1 | N49: FJ | O49: Fjernvarmeværk | P49: Kedel 3 | Q49: Kedel | R49: 351100 | S49: 350010 | T49: fvv | U49: 35765 | W49: 13 | X49: 0 | Y49: 13 | Z49: 0.55508825 | AA49: 0.555084 | AB49: 0.555084 | AC49: 0 | AD49: 0 | AE49: 1 | AF49: 0 | AG49: 0 | AK49: 0.55508825
A50: 17 | B50: 17-4 | C50: 2022 | D50: Ikast El- og Varmeværk, Marsvej 4 | E50: 7430 | F50: Ikast | G50: 756 | H50: 163 | I50: Herning-Ikast Fjernvarme | J50: 16 | K50: 25161513 | L50: Energi Ikast Varme A/S | M50: 1 | N50: FJ | O50: Fjernvarmeværk | P50: Kedel 4 | Q50: Kedel | R50: 351100 | S50: 350010 | T50: fvv | U50: 35765 | W50: 11 | X50: 0 | Y50: 11 | Z50: 30.226482 | AA50: 31.6584 | AB50: 31.6584 | AC50: 0 | AD50: 0 | AE50: 1 | AF50: 0 | AG50: 0 | AN50: 30.226482
A51: 17 | B51: 17-2 | C51: 2022 | D51: Ikast El- og Varmeværk, Marsvej 4 | E51: 7430 | F51: Ikast | G51: 756 | H51: 163 | I51: Herning-Ikast Fjernvarme | J51: 16 | K51: 25161513 | L51: Energi Ikast Varme A/S | M51: 1 | N51: FJ | O51: Fjernvarmeværk | P51: Kedel 2 | Q51: Kedel | R51: 351100 | S51: 350010 | T51: fvv | U51: 38473 | W51: 12 | X51: 0 | Y51: 12 | Z51: 6.457176 | AA51: 6.7896 | AB51: 6.7896 | AC51: 0 | AD51: 0 | AE51: 1 | AF51: 0 | AG51: 0 | AN51: 6.457176
A52: 18 | B52: 18-2 | C52: 2022 | D52: Ikast El- og Varmeværk, Bygaden 5 | E52: 7430 | F52: Ikast | G52: 756 | H52: 163 | I52: Herning-Ikast Fjernvarme | J52: 16 | K52: 25161513 | L52: Energi Ikast Varme A/S | N52: DC | O52: Decentralt værk | P52: Isenvad (motor) | Q52: Forbrændingsmotor | R52: 353000 | S52: 350030 | T52: kvt | U52: 38944 | W52: 3.33 | X52: 1.42 | Y52: 1.72 | Z52: 15.211508 | AA52: 7.86924 | AB52: 7.86924 | AC52: 6.07284 | AD52: 6.07284 | AE52: 0.41385718 | AF52: 0.58614282 | AG52: 0 | AN52: 15.211508
A53: 18 | B53: 18-3 | C53: 2022 | D53: Ikast El- og Varmeværk, Bygaden 5 | E53: 7430 | F53: Ikast | G53: 756 | H53: 163 | I53: Herning-Ikast Fjernvarme | J53: 16 | K53: 25161513 | L53: Energi Ikast Varme A/S | N53: DC | O53: Decentralt værk | P53: Solvarme (3.011 m2) | Q53: Solvarme | R53: 353000 | S53: 350030 | T53: fvv | U53: 41864 | W53: 2.1 | X53: 0 | Y53: 2.1 | Z53: 4.88556 | AA53: 4.88556 | AB53: 4.88556 | AC53: 0 | AD53: 0 | AE53: 1 | AF53: 0 | AG53: 0 | AW53: 4.88556
A54: 18 | B54: 18-1 | C54: 2022 | D54: Ikast El- og Varmeværk, Bygaden 5 | E54: 7430 | F54: Ikast | G54: 756 | H54: 163 | I54: Herning-Ikast Fjernvarme | J54: 16 | K54: 25161513 | L54: Energi Ikast Varme A/S | N54: DC | O54: Decentralt værk | P54: Isenvand (Kedel) | Q54: Kedel | R54: 353000 | S54: 350030 | T54: fvv | U54: 28277 | W54: 2.44 | X54: 0 | Y54: 2.32 | Z54: 6.4602648 | AA54: 6.4368 | AB54: 6.4368 | AC54: 0 | AD54: 0 | AE54: 1 | AF54: 0 | AG54: 0 | AN54: 6.4602648
A55: 22 | B55: 22-1 | C55: 2022 | D55: Løgten-Skødstrup Fjernvarmeværk A.m.b.a., Landlyst 4 | E55: 8541 | F55: Skødstrup | G55: 751 | H55: 206 | I55: Århus Fjernvarme | J55: 18 | K55: 22831615 | L55: Løgten-Skødstrup Fjernvarme Amba | N55: FJ | O55: Fjernvarmeværk | P55: Løgtencentralen | Q55: Kedel | R55: 353000 | S55: 350030 | T55: fvv | U55: 25204 | W55: 12 | X55: 0 | Y55: 11.5 | Z55: 0 | AA55: 0 | AB55: 0 | AC55: 0 | AD55: 0 | AE55: 1 | AF55: 0 | AG55: 0
A56: 23 | B56: 23-1 | C56: 2022 | D56: Løgten-Skødstrup Fjernvarmeværk A.m.b.a., Stationsvangen 97 | E56: 8541 | F56: Skødstrup | G56: 751 | H56: 206 | I56: Århus Fjernvarme | J56: 18 | K56: 22831615 | L56: Løgten-Skødstrup Fjernvarme Amba | N56: FJ | O56: Fjernvarmeværk | P56: Skødstrupcentralen | Q56: Kedel | R56: 353000 | S56: 350030 | T56: fvv | U56: 24838 | W56: 10 | X56: 0 | Y56: 10 | Z56: 0 | AA56: 0 | AB56: 0 | AC56: 0 | AD56: 0 | AE56: 1 | AF56: 0 | AG56: 0
A57: 24 | B57: 24-1 | C57: 2022 | D57: Maribo Varmeværk, C. E. Christiansensvej 40 | E57: 4930 | F57: Maribo | G57: 360 | H57: 48 | I57: Maribo Fjernvarme | J57: 2037 | K57: 11135617 | L57: MARIBO VARMEVÆRK AMBA | N57: FJ | O57: Fjernvarmeværk | P57: BIO-VÆRKET | Q57: Kedel | R57: 353000 | S57: 350030 | T57: fvv | U57: 29952 | W57: 12 | X57: 0 | Y57: 12 | Z57: 74.1475 | AA57: 68.6448 | AB57: 68.6448 | AC57: 0 | AD57: 0 | AE57: 1 | AF57: 0 | AG57: 0 | AT57: 74.1475
A58: 24 | B58: 24-2 | C58: 2022 | D58: Maribo Varmeværk, C. E. Christiansensvej 40 | E58: 4930 | F58: Maribo | G58: 360 | H58: 48 | I58: Maribo Fjernvarme | J58: 2037 | K58: 11135617 | L58: MARIBO VARMEVÆRK AMBA | N58: FJ | O58: Fjernvarmeværk | P58: Maribo Varmeværk, C. E. Christiansensvej 40 | Q58: Kedel | R58: 353000 | S58: 350030 | T58: fvv | U58: 31413 | W58: 8 | X58: 0 | Y58: 7 | Z58: 21.385 | AA58: 19.8072 | AB58: 19.8072 | AC58: 0 | AD58: 0 | AE58: 1 | AF58: 0 | AG58: 0 | AT58: 21.385
A59: 25 | B59: 25-3 | C59: 2022 | D59: Nykøbing S. Varmeværk, Billesvej 8-10 | E59: 4500 | F59: Nykøbing Sj | G59: 306 | H59: 33 | I59: Nykøbing Sjælland Fjernvarme | J59: 20 | K59: 46917928 | L59: Nykøbing Sj Varmeværk A.M.B.A | M59: 1 | N59: DC | O59: Decentralt værk | P59: Motor 3 | Q59: Forbrændingsmotor | R59: 353000 | S59: 350030 | T59: kvt | U59: 33868 | W59: 3 | X59: 1 | Y59: 1.7 | Z59: 2.9387041 | AA59: 1.56924 | AB59: 1.56924 | AC59: 1.040256 | AD59: 1.0368 | AE59: 0.42719238 | AF59: 0.57280762 | AG59: 0 | AN59: 2.9387041
A60: 25 | B60: 25-1 | C60: 2022 | D60: Nykøbing S. Varmeværk, Billesvej 8-10 | E60: 4500 | F60: Nykøbing Sj | G60: 306 | H60: 33 | I60: Nykøbing Sjælland Fjernvarme | J60: 20 | K60: 46917928 | L60: Nykøbing Sj Varmeværk A.M.B.A | M60: 1 | N60: DC | O60: Decentralt værk | P60: Motor 1 | Q60: Forbrændingsmotor | R60: 353000 | S60: 350030 | T60: kvt | U60: 33868 | W60: 3 | X60: 1 | Y60: 1.7 | Z60: 2.9294338 | AA60: 1.55988 | AB60: 1.55988 | AC60: 1.039752 | AD60: 1.0368 | AE60: 0.42598813 | AF60: 0.57401187 | AG60: 0 | AN60: 2.9294338
A61: 25 | B61: 25-8 | C61: 2022 | D61: Nykøbing S. Varmeværk, Billesvej 8-10 | E61: 4500 | F61: Nykøbing Sj | G61: 306 | H61: 33 | I61: Nykøbing Sjælland Fjernvarme | J61: 20 | K61: 46917928 | L61: Nykøbing Sj Varmeværk A.M.B.A | M61: 1 | N61: DC | O61: Decentralt værk | P61: Oliekedel 3 | Q61: Kedel | R61: 353000 | S61: 350030 | T61: fvv | U61: 32509 | W61: 4.6 | X61: 0 | Y61: 4 | Z61: 0 | AA61: 0 | AB61: 0 | AC61: 0 | AD61: 0 | AE61: 1 | AF61: 0 | AG61: 0 | AK61: 0
A62: 25 | B62: 25-6 | C62: 2022 | D62: Nykøbing S. Varmeværk, Billesvej 8-10 | E62: 4500 | F62: Nykøbing Sj | G62: 306 | H62: 33 | I62: Nykøbing Sjælland Fjernvarme | J62: 20 | K62: 46917928 | L62: Nykøbing Sj Varmeværk A.M.B.A | M62: 1 | N62: DC | O62: Decentralt værk | P62: Gaskedel | Q62: Kedel | R62: 353000 | S62: 350030 | T62: fvv | U62: 33604 | W62: 11 | X62: 0 | Y62: 11 | Z62: 35.577472 | AA62: 37.2492 | AB62: 37.2492 | AC62: 0 | AD62: 0 | AE62: 1 | AF62: 0 | AG62: 0 | AN62: 35.577472
A63: 25 | B63: 25-7 | C63: 2022 | D63: Nykøbing S. Varmeværk, Billesvej 8-10 | E63: 4500 | F63: Nykøbing Sj | G63: 306 | H63: 33 | I63: Nykøbing Sjælland Fjernvarme | J63: 20 | K63: 46917928 | L63: Nykøbing Sj Varmeværk A.M.B.A | M63: 1 | N63: DC | O63: Decentralt værk | P63: Oliekedel 2 | Q63: Kedel | R63: 353000 | S63: 350030 | T63: fvv | U63: 32509 | W63: 8.6 | X63: 0 | Y63: 7.5 | Z63: 24.649864 | AA63: 23.058 | AB63: 23.058 | AC63: 0 | AD63: 0 | AE63: 1 | AF63: 0 | AG63: 0 | AK63: 24.649864
A64: 25 | B64: 25-2 | C64: 2022 | D64: Nykøbing S. Varmeværk, Billesvej 8-10 | E64: 4500 | F64: Nykøbing Sj | G64: 306 | H64: 33 | I64: Nykøbing Sjælland Fjernvarme | J64: 20 | K64: 46917928 | L64: Nykøbing Sj Varmeværk A.M.B.A | M64: 1 | N64: DC | O64: Decentralt værk | P64: Motor 2 | Q64: Forbrændingsmotor | R64: 353000 | S64: 350030 | T64: kvt | U64: 33904 | W64: 3 | X64: 1 | Y64: 1.7 | Z64: 2.6605933 | AA64: 1.45872 | AB64: 1.45872 | AC64: 0.95472 | AD64: 0.954 | AE64: 0.43861495 | AF64: 0.56138505 | AG64: 0 | AN64: 2.6605933
A65: 25 | B65: 25-5 | C65: 2022 | D65: Nykøbing S. Varmeværk, Billesvej 8-10 | E65: 4500 | F65: Nykøbing Sj | G65: 306 | H65: 33 | I65: Nykøbing Sjælland Fjernvarme | J65: 20 | K65: 46917928 | L65: Nykøbing Sj Varmeværk A.M.B.A | M65: 1 | N65: DC | O65: Decentralt værk | P65: Motor 5 | Q65: Forbrændingsmotor | R65: 353000 | S65: 350030 | T65: kvt | U65: 35277 | W65: 3 | X65: 1 | Y65: 1.7 | Z65: 2.8274598 | AA65: 1.49868 | AB65: 1.49868 | AC65: 1.039248 | AD65: 1.0368 | AE65: 0.42403574 | AF65: 0.57596426 | AG65: 0 | AN65: 2.8274598
A66: 25 | B66: 25-4 | C66: 2022 | D66: Nykøbing S. Varmeværk, Billesvej 8-10 | E66: 4500 | F66: Nykøbing Sj | G66: 306 | H66: 33 | I66: Nykøbing Sjælland Fjernvarme | J66: 20 | K66: 46917928 | L66: Nykøbing Sj Varmeværk A.M.B.A | M66: 1 | N66: DC | O66: Decentralt værk | P66: Motor 4 | Q66: Forbrændingsmotor | R66: 353000 | S66: 350030 | T66: kvt | U66: 33904 | W66: 3 | X66: 1 | Y66: 1.7 | Z66: 2.9479745 | AA66: 1.61136 | AB66: 1.61136 | AC66: 1.06524 | AD66: 1.062 | AE66: 0.43727923 | AF66: 0.56272077 | AG66: 0 | AN66: 2.9479745
A67: 26 | B67: 26-1 | C67: 2022 | D67: Oksbøl Varmeværk | E67: 6840 | F67: Oksbøl | G67: 573 | H67: 122 | I67: Oksbøl Fjernvarme | J67: 21 | K67: 12787111 | L67: ANDELSSELSKABET OKSBØL VARMEVÆRK | N67: DC | O67: Decentralt værk | P67: Gaskedel | Q67: Kedel | R67: 353000 | S67: 350030 | T67: fvv | U67: 34669 | W67: 4.465 | X67: 0 | Y67: 4.4 | Z67: 11.300731 | AA67: 11.6856 | AB67: 11.3796 | AC67: 0 | AD67: 0 | AE67: 1 | AF67: 0 | AG67: 0 | AN67: 11.300731
A68: 26 | B68: 26-4 | C68: 2022 | D68: Oksbøl Varmeværk | E68: 6840 | F68: Oksbøl | G68: 573 | H68: 122 | I68: Oksbøl Fjernvarme | J68: 21 | K68: 12787111 | L68: ANDELSSELSKABET OKSBØL VARMEVÆRK | N68: DC | O68: Decentralt værk | P68: Motor 2, 20.061 | Q68: Forbrændingsmotor | R68: 353000 | S68: 350030 | T68: kvt | U68: 34669 | W68: 6.8 | X68: 2.75 | Y68: 3.75 | Z68: 36.918415 | AA68: 18.8928 | AB68: 18.4032 | AC68: 15.101892 | AD68: 14.978088 | AE68: 0.40939569 | AF68: 0.59060431 | AG68: 0 | AN68: 36.918415
A69: 26 | B69: 26-6 | C69: 2022 | D69: Oksbøl Varmeværk | E69: 6840 | F69: Oksbøl | G69: 573 | H69: 122 | I69: Oksbøl Fjernvarme | J69: 21 | K69: 12787111 | L69: ANDELSSELSKABET OKSBØL VARMEVÆRK | N69: DC | O69: Decentralt værk | P69: Solvarmeanlæg - 14745 m2 (ikke kvoteomfa | Q69: Solvarme | R69: 353000 | S69: 350030 | T69: fvv | U69: 40422 | W69: 6.5 | X69: 0 | Y69: 6.5 | Z69: 23.4108 | AA69: 23.4108 | AB69: 22.8024 | AC69: 0 | AD69: 0 | AE69: 1 | AF69: 0 | AG69: 0 | AW69: 23.4108
A70: 26 | B70: 26-7 | C70: 2022 | D70: Oksbøl Varmeværk | E70: 6840 | F70: Oksbøl | G70: 573 | H70: 122 | I70: Oksbøl Fjernvarme | J70: 21 | K70: 12787111 | L70: ANDELSSELSKABET OKSBØL VARMEVÆRK | N70: DC | O70: Decentralt værk | P70: Elkedel | Q70: Elpatron | R70: 353000 | S70: 350030 | T70: fvv | U70: 44298 | W70: 8 | X70: 0 | Y70: 7.84 | Z70: 44.7552 | AA70: 44.1648 | AB70: 43.02 | AC70: 0 | AD70: 0 | AE70: 1 | AF70: 0 | AG70: 0 | AY70: 44.7552
A71: 26 | B71: 26-3 | C71: 2022 | D71: Oksbøl Varmeværk | E71: 6840 | F71: Oksbøl | G71: 573 | H71: 122 | I71: Oksbøl Fjernvarme | J71: 21 | K71: 12787111 | L71: ANDELSSELSKABET OKSBØL VARMEVÆRK | N71: DC | O71: Decentralt værk | P71: Motor 1, 20.060 | Q71: Forbrændingsmotor | R71: 353000 | S71: 350030 | T71: kvt | U71: 34669 | W71: 6.8 | X71: 2.75 | Y71: 3.75 | Z71: 39.721009 | AA71: 20.3292 | AB71: 19.8 | AC71: 16.248348 | AD71: 16.115112 | AE71: 0.40943975 | AF71: 0.59056025 | AG71: 0 | AN71: 39.721009
A72: 27 | B72: 27-2 | C72: 2022 | D72: Padborg Fjernvarme A.m.b.a. | E72: 6330 | F72: Padborg | G72: 580 | H72: 97 | I72: Padborg-Bov Fjernvarme | J72: 22 | K72: 22725513 | L72: PADBORG FJERNVARME A.M.B.A. | N72: FJ | O72: Fjernvarmeværk | P72: Pladevarmeveksler/import-Flen | Q72: Anden | R72: 353000 | S72: 350030 | T72: fvv | U72: 30651 | W72: 10.5 | X72: 0 | Y72: 10.5 | Z72: 102.06108 | AA72: 100.15452 | AB72: 100.15452 | AC72: 0 | AD72: 0 | AE72: 1 | AF72: 0 | AG72: 0 | AV72: 102.06108
A73: 27 | B73: 27-1 | C73: 2022 | D73: Padborg Fjernvarme A.m.b.a. | E73: 6330 | F73: Padborg | G73: 580 | H73: 97 | I73: Padborg-Bov Fjernvarme | J73: 22 | K73: 22725513 | L73: PADBORG FJERNVARME A.M.B.A. | N73: FJ | O73: Fjernvarmeværk | P73: Kedelanlæg | Q73: Kedel | R73: 353000 | S73: 350030 | T73: fvv | U73: 36100 | W73: 16 | X73: 0 | Y73: 14 | Z73: 0 | AA73: 0 | AB73: 0 | AC73: 0 | AD73: 0 | AE73: 1 | AF73: 0 | AG73: 0 | AK73: 0
A74: 28 | B74: 28-2 | C74: 2022 | D74: An/S Sønder Felding Varmeværk | E74: 7280 | F74: Sønder Felding | G74: 657 | H74: 197 | I74: Sønder Felding Fjernvarme | J74: 23 | K74: 13363919 | L74: SDR FELDING VARMEVÆRK | N74: FJ | O74: Fjernvarmeværk | P74: EuroTherm Fliskedel+ røggaskøler | Q74: Kedel | R74: 353000 | S74: 350030 | T74: fvv | U74: 37987 | W74: 4 | X74: 0 | Y74: 4 | Z74: 38.36518 | AA74: 37.4328 | AB74: 37.4328 | AC74: 0 | AD74: 0 | AE74: 1 | AF74: 0 | AG74: 0 | AR74: 38.36518
A75: 28 | B75: 28-5 | C75: 2022 | D75: An/S Sønder Felding Varmeværk | E75: 7280 | F75: Sønder Felding | G75: 657 | H75: 197 | I75: Sønder Felding Fjernvarme | J75: 23 | K75: 13363919 | L75: SDR FELDING VARMEVÆRK | N75: FJ | O75: Fjernvarmeværk | P75: Elkedel | Q75: Elpatron | R75: 353000 | S75: 350030 | T75: fvv | U75: 44774 | W75: 10 | X75: 0 | Y75: 10 | Z75: 5.7276 | AA75: 5.7276 | AB75: 5.7276 | AC75: 0 | AD75: 0 | AE75: 1 | AF75: 0 | AG75: 0 | AY75: 5.7276
A76: 28 | B76: 28-1 | C76: 2022 | D76: An/S Sønder Felding Varmeværk | E76: 7280 | F76: Sønder Felding | G76: 657 | H76: 197 | I76: Sønder Felding Fjernvarme | J76: 23 | K76: 13363919 | L76: SDR FELDING VARMEVÆRK | N76: FJ | O76: Fjernvarmeværk | P76: Olie-kedel | Q76: Kedel | R76: 353000 | S76: 350030 | T76: fvv | U76: 35765 | W76: 4 | X76: 0 | Y76: 4 | Z76: 0.10879371 | AA76: 0.10116 | AB76: 0.10116 | AC76: 0 | AD76: 0 | AE76: 1 | AF76: 0 | AG76: 0 | AK76: 0.10879371
A77: 28 | B77: 28-3 | C77: 2022 | D77: An/S Sønder Felding Varmeværk | E77: 7280 | F77: Sønder Felding | G77: 657 | H77: 197 | I77: Sønder Felding Fjernvarme | J77: 23 | K77: 13363919 | L77: SDR FELDING VARMEVÆRK | N77: FJ | O77: Fjernvarmeværk | P77: NEDLAGT Euro Therm fliskedel 2+røggaskøler | Q77: Kedel | R77: 353000 | S77: 350030 | T77: fvv | U77: 34700 | V77: 45292 | W77: 2 | X77: 0 | Y77: 2 | Z77: 19.32682 | AA77: 18.882 | AB77: 18.882 | AC77: 0 | AD77: 0 | AE77: 1 | AF77: 0 | AG77: 0 | AR77: 19.32682
A78: 28 | B78: 28-4 | C78: 2022 | D78: An/S Sønder Felding Varmeværk | E78: 7280 | F78: Sønder Felding | G78: 657 | H78: 197 | I78: Sønder Felding Fjernvarme | J78: 23 | K78: 13363919 | L78: SDR FELDING VARMEVÆRK | N78: FJ | O78: Fjernvarmeværk | P78: Varmepumpe Luft | Q78: Varmepumpe Luft | R78: 353000 | S78: 350030 | T78: fvv | U78: 44774 | W78: 1.3 | X78: 0 | Y78: 3.3 | Z78: 4.5684 | AA78: 4.5684 | AB78: 4.5684 | AC78: 0 | AD78: 0 | AE78: 1 | AF78: 0 | AG78: 0 | AY78: 1.5696 | AZ78: 2.9988
A79: 29 | B79: 29-1 | C79: 2022 | D79: Tistrup Varmeværk | E79: 6862 | F79: Tistrup | G79: 573 | H79: 137 | I79: Tistrup Fjernvarme | J79: 24 | K79: 10877814 | L79: TISTRUP VARMEVÆRK | N79: DC | O79: Decentralt værk | P79: Kedel VR | Q79: Kedel | R79: 351100 | S79: 350010 | T79: fvv | U79: 23608 | W79: 3.95 | X79: 0 | Y79: 3.95 | Z79: 16.502429 | AA79: 16.770636 | AB79: 16.634124 | AC79: 0 | AD79: 0 | AE79: 1 | AF79: 0 | AG79: 0 | AN79: 16.502429
A80: 29 | B80: 29-2 | C80: 2022 | D80: Tistrup Varmeværk | E80: 6862 | F80: Tistrup | G80: 573 | H80: 137 | I80: Tistrup Fjernvarme | J80: 24 | K80: 10877814 | L80: TISTRUP VARMEVÆRK | N80: DC | O80: Decentralt værk | P80: Kedel | Q80: Kedel | R80: 351100 | S80: 350010 | T80: fvv | U80: 28491 | V80: 44926 | W80: 3.222222 | X80: 0 | Y80: 2.9 | Z80: 0 | AA80: 0 | AB80: 0 | AC80: 0 | AD80: 0 | AE80: 1 | AF80: 0 | AG80: 0
A81: 29 | B81: 29-3 | C81: 2022 | D81: Tistrup Varmeværk | E81: 6862 | F81: Tistrup | G81: 573 | H81: 137 | I81: Tistrup Fjernvarme | J81: 24 | K81: 10877814 | L81: TISTRUP VARMEVÆRK | N81: DC | O81: Decentralt værk | P81: Catepillar 3516 Motor 1 | Q81: Forbrændingsmotor | R81: 351100 | S81: 350010 | T81: kvt | U81: 35850 | W81: 2.74 | X81: 1.05 | Y81: 1.51 | Z81: 13.366465 | AA81: 7.53336 | AB81: 7.472016 | AC81: 4.93848 | AD81: 4.905864 | AE81: 0.45088121 | AF81: 0.54911879 | AG81: 0 | AN81: 13.366465
A82: 29 | B82: 29-4 | C82: 2022 | D82: Tistrup Varmeværk | E82: 6862 | F82: Tistrup | G82: 573 | H82: 137 | I82: Tistrup Fjernvarme | J82: 24 | K82: 10877814 | L82: TISTRUP VARMEVÆRK | N82: DC | O82: Decentralt værk | P82: Catepillar 3516 Motor 2 | Q82: Forbrændingsmotor | R82: 351100 | S82: 350010 | T82: kvt | U82: 35850 | W82: 2.74 | X82: 1.05 | Y82: 1.51 | Z82: 14.039388 | AA82: 7.9668 | AB82: 7.901928 | AC82: 5.18724 | AD82: 5.15286 | AE82: 0.45396851 | AF82: 0.54603149 | AG82: 0 | AN82: 14.039388
A83: 29 | B83: 29-5 | C83: 2022 | D83: Tistrup Varmeværk | E83: 6862 | F83: Tistrup | G83: 573 | H83: 137 | I83: Tistrup Fjernvarme | J83: 24 | K83: 10877814 | L83: TISTRUP VARMEVÆRK | N83: DC | O83: Decentralt værk | P83: Solvarmeanlæg - 5409 m2 | Q83: Solvarme | R83: 351100 | S83: 350010 | T83: fvv | U83: 40544 | W83: 3.6 | X83: 0 | Y83: 3.6 | Z83: 9.063504 | AA83: 9.063504 | AB83: 8.72208 | AC83: 0 | AD83: 0 | AE83: 1 | AF83: 0 | AG83: 0 | AW83: 9.063504
A84: 30 | B84: 30-2 | C84: 2022 | D84: An/S Tranum Kraftvarmeværk | E84: 9460 | F84: Brovst | G84: 849 | H84: 275 | I84: Tranum Fjernvarme | J84: 25 | K84: 49965613 | L84: TRANUM VARMEVÆRK | N84: DC | O84: Decentralt værk | P84: Forbrændingsmotor | Q84: Forbrændingsmotor | R84: 353000 | S84: 350030 | T84: kvt | U84: 34700 | W84: 1.88 | X84: 0.74 | Y84: 1.06 | Z84: 4.7754432 | AA84: 3.114 | AB84: 3.114 | AC84: 1.8144 | AD84: 1.8144 | AE84: 0.52166886 | AF84: 0.47833114 | AG84: 0 | AN84: 4.7754432
A85: 30 | B85: 30-3 | C85: 2022 | D85: An/S Tranum Kraftvarmeværk | E85: 9460 | F85: Brovst | G85: 849 | H85: 275 | I85: Tranum Fjernvarme | J85: 25 | K85: 49965613 | L85: TRANUM VARMEVÆRK | N85: DC | O85: Decentralt værk | P85: Varmepumpe | Q85: Varmepumpe Luft | R85: 353000 | S85: 350030 | T85: fvv | U85: 43922 | W85: 0.36 | X85: 0 | Y85: 0.956 | Z85: 12.1032 | AA85: 12.1032 | AB85: 12.1032 | AC85: 0 | AD85: 0 | AE85: 1 | AF85: 0 | AG85: 0 | AY85: 4.18896 | AZ85: 7.91424
A86: 30 | B86: 30-1 | C86: 2022 | D86: An/S Tranum Kraftvarmeværk | E86: 9460 | F86: Brovst | G86: 849 | H86: 275 | I86: Tranum Fjernvarme | J86: 25 | K86: 49965613 | L86: TRANUM VARMEVÆRK | N86: DC | O86: Decentralt værk | P86: Kedel | Q86: Kedel | R86: 353000 | S86: 350030 | T86: fvv | U86: 34700 | W86: 2 | X86: 0 | Y86: 1.45 | Z86: 0.0346896 | AA86: 0.0288 | AB86: 0.0288 | AC86: 0 | AD86: 0 | AE86: 1 | AF86: 0 | AG86: 0 | AN86: 0.0346896
A87: 32 | B87: 32-5 | C87: 2022 | D87: Vejlby Fjernvarmecentral | E87: 8240 | F87: Risskov | G87: 751 | H87: 206 | I87: Århus Fjernvarme | J87: 28 | K87: 69179614 | L87: Vejlby Fjernvarme | N87: FJ | O87: Fjernvarmeværk | P87: Kedel 2 | Q87: Kedel | R87: 353000 | S87: 350030 | T87: fvv | U87: 36892 | W87: 6 | X87: 0 | Y87: 6 | Z87: 0 | AA87: 0 | AB87: 0 | AC87: 0 | AD87: 0 | AE87: 1 | AF87: 0 | AG87: 0
A88: 32 | B88: 32-4 | C88: 2022 | D88: Vejlby Fjernvarmecentral | E88: 8240 | F88: Risskov | G88: 751 | H88: 206 | I88: Århus Fjernvarme | J88: 28 | K88: 69179614 | L88: Vejlby Fjernvarme | N88: FJ | O88: Fjernvarmeværk | P88: Kedel 1 | Q88: Kedel | R88: 353000 | S88: 350030 | T88: fvv | U88: 40544 | W88: 5 | X88: 0 | Y88: 4 | Z88: 0 | AA88: 0 | AB88: 0 | AC88: 0 | AD88: 0 | AE88: 1 | AF88: 0 | AG88: 0
A89: 33 | B89: 33-5 | C89: 2022 | D89: Vejle Fjernvarme a.m.b.a., Central Langelinie | E89: 7100 | F89: Vejle | G89: 630 | H89: 81 | I89: TVIS | J89: 29 | K89: 67932218 | L89: Vejle Fjernvarme A M B A | M89: 1 | N89: FJ | O89: Fjernvarmeværk | P89: Kedel 5 | Q89: Kedel | R89: 353000 | S89: 350030 | T89: fvv | U89: 28126 | W89: 12.49 | X89: 0 | Y89: 12.49 | Z89: 0 | AA89: 0 | AB89: 0 | AC89: 0 | AD89: 0 | AE89: 1 | AF89: 0 | AG89: 0 | AK89: 0 | AN89: 0
A90: 33 | B90: 33-2 | C90: 2022 | D90: Vejle Fjernvarme a.m.b.a., Central Langelinie | E90: 7100 | F90: Vejle | G90: 630 | H90: 81 | I90: TVIS | J90: 29 | K90: 67932218 | L90: Vejle Fjernvarme A M B A | M90: 1 | N90: FJ | O90: Fjernvarmeværk | P90: Kedel 2 | Q90: Kedel | R90: 353000 | S90: 350030 | T90: fvv | U90: 23743 | W90: 7.87 | X90: 0 | Y90: 7.87 | Z90: 0 | AA90: 0 | AB90: 0 | AC90: 0 | AD90: 0 | AE90: 1 | AF90: 0 | AG90: 0 | AK90: 0 | AN90: 0
A91: 33 | B91: 33-4 | C91: 2022 | D91: Vejle Fjernvarme a.m.b.a., Central Langelinie | E91: 7100 | F91: Vejle | G91: 630 | H91: 81 | I91: TVIS | J91: 29 | K91: 67932218 | L91: Vejle Fjernvarme A M B A | M91: 1 | N91: FJ | O91: Fjernvarmeværk | P91: Kedel 4 | Q91: Kedel | R91: 353000 | S91: 350030 | T91: fvv | U91: 24838 | W91: 10 | X91: 0 | Y91: 10 | Z91: 0 | AA91: 0 | AB91: 0 | AC91: 0 | AD91: 0 | AE91: 1 | AF91: 0 | AG91: 0 | AK91: 0 | AN91: 0
A92: 33 | B92: 33-3 | C92: 2022 | D92: Vejle Fjernvarme a.m.b.a., Central Langelinie | E92: 7100 | F92: Vejle | G92: 630 | H92: 81 | I92: TVIS | J92: 29 | K92: 67932218 | L92: Vejle Fjernvarme A M B A | M92: 1 | N92: FJ | O92: Fjernvarmeværk | P92: Kedel 3 | Q92: Kedel | R92: 353000 | S92: 350030 | T92: fvv | U92: 24473 | W92: 7.87 | X92: 0 | Y92: 7.87 | Z92: 0 | AA92: 0 | AB92: 0 | AC92: 0 | AD92: 0 | AE92: 1 | AF92: 0 | AG92: 0 | AK92: 0 | AN92: 0
A93: 33 | B93: 33-1 | C93: 2022 | D93: Vejle Fjernvarme a.m.b.a., Central Langelinie | E93: 7100 | F93: Vejle | G93: 630 | H93: 81 | I93: TVIS | J93: 29 | K93: 67932218 | L93: Vejle Fjernvarme A M B A | M93: 1 | N93: FJ | O93: Fjernvarmeværk | P93: Kedel 1 | Q93: Kedel | R93: 353000 | S93: 350030 | T93: fvv | U93: 23743 | W93: 5 | X93: 0 | Y93: 5 | Z93: 0.2058804 | AA93: 0.075 | AB93: 0.075 | AC93: 0 | AD93: 0 | AE93: 1 | AF93: 0 | AG93: 0 | AN93: 0.2058804
A94: 34 | B94: 34-2 | C94: 2022 | D94: Aars Fjernvarme Dybvad Mølle Vej | E94: 9600 | F94: Aars | G94: 820 | H94: 334 | I94: Aars Fjernvarme | J94: 2265 | K94: 54442912 | L94: Aars Fjernvarme Amba | M94: 1 | N94: DC | O94: Decentralt værk | P94: Træpillekedel | Q94: Kedel | R94: 353000 | S94: 350030 | T94: fvv | U94: 31413 | W94: 6.3 | X94: 0 | Y94: 6.3 | Z94: 7.060375 | AA94: 7.4628 | AB94: 7.4628 | AC94: 0 | AD94: 0 | AE94: 1 | AF94: 0 | AG94: 0 | AT94: 7.060375
A95: 34 | B95: 34-1 | C95: 2022 | D95: Aars Fjernvarme Dybvad Mølle Vej | E95: 9600 | F95: Aars | G95: 820 | H95: 334 | I95: Aars Fjernvarme | J95: 2265 | K95: 54442912 | L95: Aars Fjernvarme Amba | M95: 1 | N95: DC | O95: Decentralt værk | P95: Ovnlinie 1 | Q95: Kedel | R95: 353000 | S95: 350030 | T95: fvv | U95: 31472 | V95: 45657 | W95: 10.6 | X95: 0 | Y95: 8.5 | Z95: 164.236 | AA95: 138.5784 | AB95: 138.5784 | AC95: 0 | AD95: 0 | AE95: 1 | AF95: 0 | AG95: 0 | AO95: 120.4515 | AQ95: 0.493 | AS95: 43.2915
A96: 34 | B96: 34-4 | C96: 2022 | D96: Aars Fjernvarme Dybvad Mølle Vej | E96: 9600 | F96: Aars | G96: 820 | H96: 334 | I96: Aars Fjernvarme | J96: 2265 | K96: 54442912 | L96: Aars Fjernvarme Amba | M96: 1 | N96: DC | O96: Decentralt værk | P96: Ovnlinie 2 | Q96: Dampturbine | R96: 353000 | S96: 350030 | T96: kvt | U96: 34700 | W96: 14.58 | X96: 2.89 | Y96: 12.39 | Z96: 454.8379 | AA96: 321.318 | AB96: 321.318 | AC96: 53.2512 | AD96: 41.4 | AE96: 0.56515607 | AF96: 0.43484393 | AG96: 0 | AO96: 333.567 | AQ96: 1.363 | AS96: 119.9079
A97: 34 | B97: 34-8 | C97: 2022 | D97: Aars Fjernvarme Dybvad Mølle Vej | E97: 9600 | F97: Aars | G97: 820 | H97: 334 | I97: Aars Fjernvarme | J97: 2265 | K97: 54442912 | L97: Aars Fjernvarme Amba | M97: 1 | N97: DC | O97: Decentralt værk | P97: Støttebrænder | Q97: Kedel | R97: 353000 | S97: 350030 | T97: fvv | U97: 38993 | V97: 45657 | W97: 4.7 | X97: 0 | Y97: 0 | Z97: 0.04755072 | AA97: 0 | AB97: 0 | AC97: 0 | AD97: 0 | AE97: 1 | AF97: 0 | AG97: 0 | AK97: 0.04755072
A98: 35 | B98: 35-1 | C98: 2022 | D98: Aars Fjernvarmeforsyning, Østre Boulevard 3A | E98: 9600 | F98: Aars | G98: 820 | H98: 334 | I98: Aars Fjernvarme | J98: 2265 | K98: 54442912 | L98: Aars Fjernvarme Amba | N98: FJ | O98: Fjernvarmeværk | P98: Central 3 (Ø. Boulevard) | Q98: Kedel | R98: 353000 | S98: 350030 | T98: fvv | U98: 24351 | W98: 10 | X98: 0 | Y98: 9.2 | Z98: 0.54678315 | AA98: 0.5697 | AB98: 0.5697 | AC98: 0 | AD98: 0 | AE98: 1 | AF98: 0 | AG98: 0 | AI98: 0.54678315
A99: 36 | B99: 36-1 | C99: 2022 | D99: Aars Fjernvarmeforsyning, Gislum 21B | E99: 9600 | F99: Aars | G99: 820 | H99: 334 | I99: Aars Fjernvarme | J99: 2265 | K99: 54442912 | L99: Aars Fjernvarme Amba | N99: FJ | O99: Fjernvarmeværk | P99: Central 1 (Gislumvej) | Q99: Kedel | R99: 353000 | S99: 350030 | T99: fvv | U99: 20333 | W99: 17.9 | X99: 0 | Y99: 16.1 | Z99: 0.8626464 | AA99: 0.779832 | AB99: 0.779832 | AC99: 0 | AD99: 0 | AE99: 1 | AF99: 0 | AG99: 0 | AN99: 0.8626464
A100: 38 | B100: 38-6 | C100: 2022 | D100: Østervrå Varmeværk | E100: 9750 | F100: Østervrå | G100: 813 | H100: 327 | I100: Hørby Fjernvarme | J100: 32 | K100: 20245417 | L100: ØSTERVRÅ VARMEVÆRK AMBA | N100: DC | O100: Decentralt værk | P100: Luft/vand varmepumpe | Q100: Varmepumpe Luft | R100: 353000 | S100: 350030 | T100: fvv | U100: 44743 | W100: 0.48 | X100: 0 | Y100: 1.4 | Z100: 8.1972 | AA100: 8.1972 | AB100: 8.1972 | AC100: 0 | AD100: 0 | AE100: 1 | AF100: 0 | AG100: 0 | AY100: 2.6208 | AZ100: 5.5764
...

Sheet DA-EN translation help
A2: anlægstype | B2: unit type
A3: Gasturbine | B3: gas turbine
A4: Overskudsvarme | B4: surplus heat
A5: Kedel | B5: hot water boiler
A6: Elpatron | B6: electric boiler
A7: Forbrændingsmotor | B7: internal combustion engine
A8: Nødstrømsanlæg | B8: emergency power plant
A9: Solvarme | B9: solar heating panels
A10: Dampturbine | B10: steam turbine
A11: Anden | B11: others
A12: Dampkedel | B12: steam boiler
A13: Varmepumpe | B13: heat pump
... A37: Vandkraft | B37: hydro power

Sheet filtered_classified
A1: vaerk_id | B1: vrkanl_ny | C1: aar | D1: vaerk_navn | E1: vaerk_postnr | F1: vaerk_postdistrikt | G1: vaerk_kommune | H1: fv_net | I1: fv_net_navn | J1: selskab_id | K1: cvr | L1: selskab_navn | M1: kvoteaktivitet | N1: vrktypeid | O1: vrktypenavn | P1: anlaeg_navn | Q1: anlaegstype_navn | R1: DB07 | S1: NR117 | T1: aktoer | U1: idriftdato | V1: skrotdato | W1: CATEGORY | X1: TECHTYPE | Y1: ETS | Z1: MAIN_FUEL | AA1: STATUS | AB1: MODEL_NAME | AC1: COMMENT | AD1: indfyretkapacitet_MW | AE1: elkapacitet_MW | AF1: varmekapacitet_MW | AG1: brutto_TJ | AH1: varmeprod_TJ | AI1: varmelev_TJ | AJ1: elprod_TJ | AK1: ellev_TJ | AL1: andel_varmelev | AM1: andel_el | AN1: andel_process | AO1: kul_TJ | AP1: fuelolie_TJ | AQ1: spildolie_TJ | AR1: gasolie_TJ | AS1: raffinaderigas_TJ | AT1: lpg_TJ | AU1: naturgas_TJ | AV1: affald_TJ | AW1: biogas_TJ | AX1: halm_TJ | AY1: skovflis_TJ | AZ1: trae- og biomasseaffald_TJ | BA1: traepiller_TJ | BB1: bio-olie_TJ | BC1: braendselsfrit_TJ | BD1: solenergi_TJ | BE1: vandkraft_TJ | BF1: elektricitet_TJ | BG1: omgivelsesvarme_TJ | BH1: coal (share) | BI1: fuel-oil (share) | BJ1: waste-oil (share) | BK1: gas-oil (share) | BL1: refinery gas (share) | BM1: LPG (share} | BN1: natural gas (share) | BO1: municipal waste (share) | BP1: biogas (share) | BQ1: straw (share) | BR1: wood chips (share) | BS1: wood waste (share) | BT1: wood pellets (share) | BU1: bio-oil (share) | BV1: fuel-free (share) | BW1: solar (share) | BX1: hydropower (share) | BY1: electricity (share) | BZ1: ambient heat (share) (ambient heat)
A2: 10 | B2: 10-4 | C2: 2023 | D2: Albertslund Varmeværk | E2: 2620 | F2: Albertslund | G2: 165 | H2: 2 | I2: Storkøbenhavns Fjernvarme | J2: 10 | K2: 66137112 | L2: Albertslund Kommune | M2: 1 | N2: FJ | O2: Fjernvarmeværk | P2: Kedel 5 Falk.b. | Q2: Kedel | R2: 353000 | S2: 350030 | T2: fvv | U2: 24108 | W2: HO | X2: BOILER | Y2: YES | Z2: NATURAL GAS | AA2: ACTIVE | AB2: HOB_NG | AD2: 10.1 | AE2: 0 | AF2: 9.3 | AG2: 2.1508419 | AH2: 1.463 | AI2: 1.463 | AJ2: 0 | AK2: 0 | AL2: 1 | AM2: 0 | AN2: 0 | AU2: 2.1508419 | BH2: =IFERROR(AO2/SUM($AO2:$BG2),"-") -> 0 | BI2: =IFERROR(AP2/SUM($AO2:$BG2),"-") -> 0 | BJ2: =IFERROR(AQ2/SUM($AO2:$BG2),"-") -> 0 | BK2: =IFERROR(AR2/SUM($AO2:$BG2),"-") -> 0 | BL2: =IFERROR(AS2/SUM($AO2:$BG2),"-") -> 0 | BM2: =IFERROR(AT2/SUM($AO2:$BG2),"-") -> 0 | BN2: =IFERROR(AU2/SUM($AO2:$BG2),"-") -> 1 | BO2: =IFERROR(AV2/SUM($AO2:$BG2),"-") -> 0 | ... BZ2: =IFERROR(BG2/SUM($AO2:$BG2),"-") -> 0
A3: 10 | B3: 10-5 | C3: 2023 | D3: Albertslund Varmeværk | E3: 2620 | F3: Albertslund | G3: 165 | H3: 2 | I3: Storkøbenhavns Fjernvarme | J3: 10 | K3: 66137112 | L3: Albertslund Kommune | M3: 1 | N3: FJ | O3: Fjernvarmeværk | P3: Kedel 6 Parca | Q3: Kedel | R3: 353000 | S3: 350030 | T3: fvv | U3: 24838 | W3: HO | X3: BOILER | Y3: YES | Z3: GAS OIL | AA3: ACTIVE | AB3: HOB_GO | AD3: 24.754 | AE3: 0 | AF3: 21.888 | AG3: 0.530876 | AH3: 0.446 | AI3: 0.446 | AJ3: 0 | AK3: 0 | AL3: 1 | AM3: 0 | AN3: 0 | AR3: 0.530876 | BH3: =IFERROR(AO3/SUM($AO3:$BG3),"-") -> 0 | BI3: =IFERROR(AP3/SUM($AO3:$BG3),"-") -> 0 | BJ3: =IFERROR(AQ3/SUM($AO3:$BG3),"-") -> 0 | BK3: =IFERROR(AR3/SUM($AO3:$BG3),"-") -> 1 | BL3: =IFERROR(AS3/SUM($AO3:$BG3),"-") -> 0 | BM3: =IFERROR(AT3/SUM($AO3:$BG3),"-") -> 0 | BN3: =IFERROR(AU3/SUM($AO3:$BG3),"-") -> 0 | BO3: =IFERROR(AV3/SUM($AO3:$BG3),"-") -> 0 | ... BZ3: =IFERROR(BG3/SUM($AO3:$BG3),"-") -> 0
A4: 10 | B4: 10-2 | C4: 2023 | D4: Albertslund Varmeværk | E4: 2620 | F4: Albertslund | G4: 165 | H4: 2 | I4: Storkøbenhavns Fjernvarme | J4: 10 | K4: 66137112 | L4: Albertslund Kommune | M4: 1 | N4: FJ | O4: Fjernvarmeværk | P4: Kedel 3 Parca | Q4: Kedel | R4: 353000 | S4: 350030 | T4: fvv | U4: 25934 | W4: HO | X4: BOILER | Y4: YES | Z4: GAS OIL | AA4: ACTIVE | AB4: HOB_GO | AD4: 25.3 | AE4: 0 | AF4: 23.3 | AG4: 0.100436 | AH4: 0.088 | AI4: 0.088 | AJ4: 0 | AK4: 0 | AL4: 1 | AM4: 0 | AN4: 0 | AR4: 0.100436 | BH4: =IFERROR(AO4/SUM($AO4:$BG4),"-") -> 0 | BI4: =IFERROR(AP4/SUM($AO4:$BG4),"-") -> 0 | BJ4: =IFERROR(AQ4/SUM($AO4:$BG4),"-") -> 0 | BK4: =IFERROR(AR4/SUM($AO4:$BG4),"-") -> 1 | BL4: =IFERROR(AS4/SUM($AO4:$BG4),"-") -> 0 | BM4: =IFERROR(AT4/SUM($AO4:$BG4),"-") -> 0 | BN4: =IFERROR(AU4/SUM($AO4:$BG4),"-") -> 0 | BO4: =IFERROR(AV4/SUM($AO4:$BG4),"-") -> 0 | ... BZ4: =IFERROR(BG4/SUM($AO4:$BG4),"-") -> 0
A5: 10 | B5: 10-3 | C5: 2023 | D5: Albertslund Varmeværk | E5: 2620 | F5: Albertslund | G5: 165 | H5: 2 | I5: Storkøbenhavns Fjernvarme | J5: 10 | K5: 66137112 | L5: Albertslund Kommune | M5: 1 | N5: FJ | O5: Fjernvarmeværk | P5: Kedel 4 Falk.b. | Q5: Kedel | R5: 353000 | S5: 350030 | T5: fvv | U5: 24108 | W5: HO | X5: BOILER | Y5: YES | Z5: NATURAL GAS | AA5: ACTIVE | AB5: HOB_NG | AD5: 10.1 | AE5: 0 | AF5: 9.3 | AG5: 1.7896468 | AH5: 1.203 | AI5: 1.203 | AJ5: 0 | AK5: 0 | AL5: 1 | AM5: 0 | AN5: 0 | AU5: 1.7896468 | BH5: =IFERROR(AO5/SUM($AO5:$BG5),"-") -> 0 | BI5: =IFERROR(AP5/SUM($AO5:$BG5),"-") -> 0 | BJ5: =IFERROR(AQ5/SUM($AO5:$BG5),"-") -> 0 | BK5: =IFERROR(AR5/SUM($AO5:$BG5),"-") -> 0 | BL5: =IFERROR(AS5/SUM($AO5:$BG5),"-") -> 0 | BM5: =IFERROR(AT5/SUM($AO5:$BG5),"-") -> 0 | BN5: =IFERROR(AU5/SUM($AO5:$BG5),"-") -> 1 | BO5: =IFERROR(AV5/SUM($AO5:$BG5),"-") -> 0 | ... BZ5: =IFERROR(BG5/SUM($AO5:$BG5),"-") -> 0
A6: 10 | B6: 10-8 | C6: 2023 | D6: Albertslund Varmeværk | E6: 2620 | F6: Albertslund | G6: 165 | H6: 2 | I6: Storkøbenhavns Fjernvarme | J6: 10 | K6: 66137112 | L6: Albertslund Kommune | M6: 1 | N6: FJ | O6: Fjernvarmeværk | P6: Kedel 8A | Q6: Kedel | R6: 353000 | S6: 350030 | T6: fvv | U6: 30317 | W6: HO | X6: BOILER | Y6: YES | Z6: NATURAL GAS | AA6: ACTIVE | AB6: HOB_NG | AD6: 12.6 | AE6: 0 | AF6: 11.6 | AG6: 14.226712 | AH6: 10.706 | AI6: 10.706 | AJ6: 0 | AK6: 0 | AL6: 1 | AM6: 0 | AN6: 0 | AU6: 14.226712 | BH6: =IFERROR(AO6/SUM($AO6:$BG6),"-") -> 0 | BI6: =IFERROR(AP6/SUM($AO6:$BG6),"-") -> 0 | BJ6: =IFERROR(AQ6/SUM($AO6:$BG6),"-") -> 0 | BK6: =IFERROR(AR6/SUM($AO6:$BG6),"-") -> 0 | BL6: =IFERROR(AS6/SUM($AO6:$BG6),"-") -> 0 | BM6: =IFERROR(AT6/SUM($AO6:$BG6),"-") -> 0 | BN6: =IFERROR(AU6/SUM($AO6:$BG6),"-") -> 1 | BO6: =IFERROR(AV6/SUM($AO6:$BG6),"-") -> 0 | ... BZ6: =IFERROR(BG6/SUM($AO6:$BG6),"-") -> 0
A7: 10 | B7: 10-7 | C7: 2023 | D7: Albertslund Varmeværk | E7: 2620 | F7: Albertslund | G7: 165 | H7: 2 | I7: Storkøbenhavns Fjernvarme | J7: 10 | K7: 66137112 | L7: Albertslund Kommune | M7: 1 | N7: FJ | O7: Fjernvarmeværk | P7: Kedel 7B | Q7: Kedel | R7: 353000 | S7: 350030 | T7: fvv | U7: 30317 | W7: HO | X7: BOILER | Y7: YES | Z7: NATURAL GAS | AA7: ACTIVE | AB7: HOB_NG | AD7: 12.6 | AE7: 0 | AF7: 11.6 | AG7: 8.7013987 | AH7: 6.633 | AI7: 6.633 | AJ7: 0 | AK7: 0 | AL7: 1 | AM7: 0 | AN7: 0 | AR7: 0.132719 | AU7: 8.5686797 | BH7: =IFERROR(AO7/SUM($AO7:$BG7),"-") -> 0 | BI7: =IFERROR(AP7/SUM($AO7:$BG7),"-") -> 0 | BJ7: =IFERROR(AQ7/SUM($AO7:$BG7),"-") -> 0 | BK7: =IFERROR(AR7/SUM($AO7:$BG7),"-") -> 0.015252605 | BL7: =IFERROR(AS7/SUM($AO7:$BG7),"-") -> 0 | BM7: =IFERROR(AT7/SUM($AO7:$BG7),"-") -> 0 | BN7: =IFERROR(AU7/SUM($AO7:$BG7),"-") -> 0.98474739 | BO7: =IFERROR(AV7/SUM($AO7:$BG7),"-") -> 0 | ... BZ7: =IFERROR(BG7/SUM($AO7:$BG7),"-") -> 0
A8: 10 | B8: 10-10 | C8: 2023 | D8: Albertslund Varmeværk | E8: 2620 | F8: Albertslund | G8: 165 | H8: 2 | I8: Storkøbenhavns Fjernvarme | J8: 10 | K8: 66137112 | L8: Albertslund Kommune | M8: 1 | N8: FJ | O8: Fjernvarmeværk | P8: Kedel 9 | Q8: Kedel | R8: 353000 | S8: 350030 | T8: fvv | U8: 27030 | W8: HO | X8: BOILER | Y8: YES | Z8: GAS OIL | AA8: ACTIVE | AB8: HOB_GO | AD8: 24.405 | AE8: 0 | AF8: 22.252 | AG8: 0.660008 | AH8: 0.593 | AI8: 0.593 | AJ8: 0 | AK8: 0 | AL8: 1 | AM8: 0 | AN8: 0 | AR8: 0.660008 | BH8: =IFERROR(AO8/SUM($AO8:$BG8),"-") -> 0 | BI8: =IFERROR(AP8/SUM($AO8:$BG8),"-") -> 0 | BJ8: =IFERROR(AQ8/SUM($AO8:$BG8),"-") -> 0 | BK8: =IFERROR(AR8/SUM($AO8:$BG8),"-") -> 1 | BL8: =IFERROR(AS8/SUM($AO8:$BG8),"-") -> 0 | BM8: =IFERROR(AT8/SUM($AO8:$BG8),"-") -> 0 | BN8: =IFERROR(AU8/SUM($AO8:$BG8),"-") -> 0 | BO8: =IFERROR(AV8/SUM($AO8:$BG8),"-") -> 0 | ... BZ8: =IFERROR(BG8/SUM($AO8:$BG8),"-") -> 0
A9: 10 | B9: 10-6 | C9: 2023 | D9: Albertslund Varmeværk | E9: 2620 | F9: Albertslund | G9: 165 | H9: 2 | I9: Storkøbenhavns Fjernvarme | J9: 10 | K9: 66137112 | L9: Albertslund Kommune | M9: 1 | N9: FJ | O9: Fjernvarmeværk | P9: Kedel 7A | Q9: Kedel | R9: 353000 | S9: 350030 | T9: fvv | U9: 30317 | W9: HO | X9: BOILER | Y9: YES | Z9: NATURAL GAS | AA9: ACTIVE | AB9: HOB_NG | AD9: 12.6 | AE9: 0 | AF9: 11.6 | AG9: 7.8859242 | AH9: 5.367 | AI9: 5.367 | AJ9: 0 | AK9: 0 | AL9: 1 | AM9: 0 | AN9: 0 | AU9: 7.8859242 | BH9: =IFERROR(AO9/SUM($AO9:$BG9),"-") -> 0 | BI9: =IFERROR(AP9/SUM($AO9:$BG9),"-") -> 0 | BJ9: =IFERROR(AQ9/SUM($AO9:$BG9),"-") -> 0 | BK9: =IFERROR(AR9/SUM($AO9:$BG9),"-") -> 0 | BL9: =IFERROR(AS9/SUM($AO9:$BG9),"-") -> 0 | BM9: =IFERROR(AT9/SUM($AO9:$BG9),"-") -> 0 | BN9: =IFERROR(AU9/SUM($AO9:$BG9),"-") -> 1 | BO9: =IFERROR(AV9/SUM($AO9:$BG9),"-") -> 0 | ... BZ9: =IFERROR(BG9/SUM($AO9:$BG9),"-") -> 0
A10: 10 | B10: 10-9 | C10: 2023 | D10: Albertslund Varmeværk | E10: 2620 | F10: Albertslund | G10: 165 | H10: 2 | I10: Storkøbenhavns Fjernvarme | J10: 10 | K10: 66137112 | L10: Albertslund Kommune | M10: 1 | N10: FJ | O10: Fjernvarmeværk | P10: Kedel 8B | Q10: Kedel | R10: 353000 | S10: 350030 | T10: fvv | U10: 30317 | W10: HO | X10: BOILER | Y10: YES | Z10: NATURAL GAS | AA10: ACTIVE | AB10: HOB_NG | AD10: 12.6 | AE10: 0 | AF10: 11.6 | AG10: 12.077912 | AH10: 8.715 | AI10: 8.715 | AJ10: 0 | AK10: 0 | AL10: 1 | AM10: 0 | AN10: 0 | AR10: 0.060979 | AU10: 12.016933 | BH10: =IFERROR(AO10/SUM($AO10:$BG10),"-") -> 0 | BI10: =IFERROR(AP10/SUM($AO10:$BG10),"-") -> 0 | BJ10: =IFERROR(AQ10/SUM($AO10:$BG10),"-") -> 0 | BK10: =IFERROR(AR10/SUM($AO10:$BG10),"-") -> 0.0050488032 | BL10: =IFERROR(AS10/SUM($AO10:$BG10),"-") -> 0 | BM10: =IFERROR(AT10/SUM($AO10:$BG10),"-") -> 0 | BN10: =IFERROR(AU10/SUM($AO10:$BG10),"-") -> 0.9949512 | BO10: =IFERROR(AV10/SUM($AO10:$BG10),"-") -> 0 | ... BZ10: =IFERROR(BG10/SUM($AO10:$BG10),"-") -> 0
A11: 73 | B11: 73-1 | C11: 2023 | D11: CTR, Nybrovej Centralen | E11: 2820 | F11: Gentofte | G11: 157 | H11: 2 | I11: Storkøbenhavns Fjernvarme | J11: 77 | K11: 74132111 | L11: CTR I/S | M11: 1 | N11: FJ | O11: Fjernvarmeværk | P11: NYC 1 kedel | Q11: Kedel | R11: 353000 | S11: 350030 | T11: fvv | U11: 31413 | W11: HO | X11: BOILER | Y11: YES | Z11: SPLIT | AA11: ACTIVE | AB11: ?? | AD11: 12.7 | AE11: 0 | AF11: 11.6 | AG11: 2.1920035 | AH11: 1.73175 | AI11: 1.73175 | AJ11: 0 | AK11: 0 | AL11: 1 | AM11: 0 | AN11: 0 | AR11: 0.26138469 | AU11: 1.9306188 | BH11: =IFERROR(AO11/SUM($AO11:$BG11),"-") -> 0 | BI11: =IFERROR(AP11/SUM($AO11:$BG11),"-") -> 0 | BJ11: =IFERROR(AQ11/SUM($AO11:$BG11),"-") -> 0 | BK11: =IFERROR(AR11/SUM($AO11:$BG11),"-") -> 0.11924465 | BL11: =IFERROR(AS11/SUM($AO11:$BG11),"-") -> 0 | BM11: =IFERROR(AT11/SUM($AO11:$BG11),"-") -> 0 | BN11: =IFERROR(AU11/SUM($AO11:$BG11),"-") -> 0.88075535 | BO11: =IFERROR(AV11/SUM($AO11:$BG11),"-") -> 0 | ... BZ11: =IFERROR(BG11/SUM($AO11:$BG11),"-") -> 0
A12: 73 | B12: 73-2 | C12: 2023 | D12: CTR, Nybrovej Centralen | E12: 2820 | F12: Gentofte | G12: 157 | H12: 2 | I12: Storkøbenhavns Fjernvarme | J12: 77 | K12: 74132111 | L12: CTR I/S | M12: 1 | N12: FJ | O12: Fjernvarmeværk | P12: NYC 2 kedel | Q12: Kedel | R12: 353000 | S12: 350030 | T12: fvv | U12: 31413 | W12: HO | X12: BOILER | Y12: YES | Z12: GAS OIL | AA12: ACTIVE | AB12: HOB_GO | AD12: 12.7 | AE12: 0 | AF12: 11.6 | AG12: 1.0842066 | AH12: 0.85654 | AI12: 0.85654 | AJ12: 0 | AK12: 0 | AL12: 1 | AM12: 0 | AN12: 0 | AR12: 1.0842066 | BH12: =IFERROR(AO12/SUM($AO12:$BG12),"-") -> 0 | BI12: =IFERROR(AP12/SUM($AO12:$BG12),"-") -> 0 | BJ12: =IFERROR(AQ12/SUM($AO12:$BG12),"-") -> 0 | BK12: =IFERROR(AR12/SUM($AO12:$BG12),"-") -> 1 | BL12: =IFERROR(AS12/SUM($AO12:$BG12),"-") -> 0 | BM12: =IFERROR(AT12/SUM($AO12:$BG12),"-") -> 0 | BN12: =IFERROR(AU12/SUM($AO12:$BG12),"-") -> 0 | BO12: =IFERROR(AV12/SUM($AO12:$BG12),"-") -> 0 | ... BZ12: =IFERROR(BG12/SUM($AO12:$BG12),"-") -> 0
A13: 73 | B13: 73-3 | C13: 2023 | D13: CTR, Nybrovej Centralen | E13: 2820 | F13: Gentofte | G13: 157 | H13: 2 | I13: Storkøbenhavns Fjernvarme | J13: 77 | K13: 74132111 | L13: CTR I/S | M13: 1 | N13: FJ | O13: Fjernvarmeværk | P13: Elkedel | Q13: Elpatron | R13: 353000 | S13: 350030 | T13: fvv | U13: 43831 | W13: HO | X13: BOILER | Y13: YES | Z13: ELECTRICITY | AA13: ACTIVE | AB13: HOB_EL | AD13: 40 | AE13: 0 | AF13: 40 | AG13: 40.644708 | AH13: 40.644708 | AI13: 40.644708 | AJ13: 0 | AK13: 0 | AL13: 1 | AM13: 0 | AN13: 0 | BF13: 40.644708 | BH13: =IFERROR(AO13/SUM($AO13:$BG13),"-") -> 0 | BI13: =IFERROR(AP13/SUM($AO13:$BG13),"-") -> 0 | BJ13: =IFERROR(AQ13/SUM($AO13:$BG13),"-") -> 0 | BK13: =IFERROR(AR13/SUM($AO13:$BG13),"-") -> 0 | BL13: =IFERROR(AS13/SUM($AO13:$BG13),"-") -> 0 | BM13: =IFERROR(AT13/SUM($AO13:$BG13),"-") -> 0 | BN13: =IFERROR(AU13/SUM($AO13:$BG13),"-") -> 0 | BO13: =IFERROR(AV13/SUM($AO13:$BG13),"-") -> 0 | ... BZ13: =IFERROR(BG13/SUM($AO13:$BG13),"-") -> 0
A14: 74 | B14: 74-1 | C14: 2023 | D14: CTR, Spidslastcentral Phistersvej | E14: 2900 | F14: Hellerup | G14: 157 | H14: 2 | I14: Storkøbenhavns Fjernvarme | J14: 77 | K14: 74132111 | L14: CTR I/S | M14: 1 | N14: FJ | O14: Fjernvarmeværk | P14: PHC 1 kedel | Q14: Kedel | R14: 353000 | S14: 350030 | T14: fvv | U14: 32143 | W14: HO | X14: BOILER | Y14: YES | Z14: GAS OIL | AA14: ACTIVE | AB14: HOB_GO | AD14: 14.9 | AE14: 0 | AF14: 13.6 | AG14: 41.784748 | AH14: 38.63924 | AI14: 38.63924 | AJ14: 0 | AK14: 0 | AL14: 1 | AM14: 0 | AN14: 0 | AR14: 41.784748 | BH14: =IFERROR(AO14/SUM($AO14:$BG14),"-") -> 0 | BI14: =IFERROR(AP14/SUM($AO14:$BG14),"-") -> 0 | BJ14: =IFERROR(AQ14/SUM($AO14:$BG14),"-") -> 0 | BK14: =IFERROR(AR14/SUM($AO14:$BG14),"-") -> 1 | BL14: =IFERROR(AS14/SUM($AO14:$BG14),"-") -> 0 | BM14: =IFERROR(AT14/SUM($AO14:$BG14),"-") -> 0 | BN14: =IFERROR(AU14/SUM($AO14:$BG14),"-") -> 0 | BO14: =IFERROR(AV14/SUM($AO14:$BG14),"-") -> 0 | ... BZ14: =IFERROR(BG14/SUM($AO14:$BG14),"-") -> 0
A15: 74 | B15: 74-2 | C15: 2023 | D15: CTR, Spidslastcentral Phistersvej | E15: 2900 | F15: Hellerup | G15: 157 | H15: 2 | I15: Storkøbenhavns Fjernvarme | J15: 77 | K15: 74132111 | L15: CTR I/S | M15: 1 | N15: FJ | O15: Fjernvarmeværk | P15: PHC2 kedel | Q15: Kedel | R15: 353000 | S15: 350030 | T15: fvv | U15: 32143 | W15: HO | X15: BOILER | Y15: YES | Z15: GAS OIL | AA15: ACTIVE | AB15: HOB_GO | AD15: 14.9 | AE15: 0 | AF15: 13.6 | AG15: 43.005153 | AH15: 39.76776 | AI15: 39.76776 | AJ15: 0 | AK15: 0 | AL15: 1 | AM15: 0 | AN15: 0 | AR15: 43.005153 | BH15: =IFERROR(AO15/SUM($AO15:$BG15),"-") -> 0 | BI15: =IFERROR(AP15/SUM($AO15:$BG15),"-") -> 0 | BJ15: =IFERROR(AQ15/SUM($AO15:$BG15),"-") -> 0 | BK15: =IFERROR(AR15/SUM($AO15:$BG15),"-") -> 1 | BL15: =IFERROR(AS15/SUM($AO15:$BG15),"-") -> 0 | BM15: =IFERROR(AT15/SUM($AO15:$BG15),"-") -> 0 | BN15: =IFERROR(AU15/SUM($AO15:$BG15),"-") -> 0 | BO15: =IFERROR(AV15/SUM($AO15:$BG15),"-") -> 0 | ... BZ15: =IFERROR(BG15/SUM($AO15:$BG15),"-") -> 0
A16: 121 | B16: 121-10 | C16: 2023 | D16: Frederiksberg Varmecentral | E16: 2000 | F16: Frederiksberg | G16: 147 | H16: 2 | I16: Storkøbenhavns Fjernvarme | J16: 77 | K16: 74132111 | L16: CTR I/S | M16: 1 | N16: FJ | O16: Fjernvarmeværk | P16: FVC2-4 kedel | Q16: Kedel | R16: 353000 | S16: 350030 | T16: fvv | U16: 36404 | W16: HO | X16: BOILER | Y16: YES | Z16: GAS OIL | AA16: ACTIVE | AB16: HOB_GO | AD16: 54 | AE16: 0 | AF16: 50 | AG16: 1.1959058 | AH16: 0.87421 | AI16: 0.87421 | AJ16: 0 | AK16: 0 | AL16: 1 | AM16: 0 | AN16: 0 | AR16: 1.1959058 | BH16: =IFERROR(AO16/SUM($AO16:$BG16),"-") -> 0 | BI16: =IFERROR(AP16/SUM($AO16:$BG16),"-") -> 0 | BJ16: =IFERROR(AQ16/SUM($AO16:$BG16),"-") -> 0 | BK16: =IFERROR(AR16/SUM($AO16:$BG16),"-") -> 1 | BL16: =IFERROR(AS16/SUM($AO16:$BG16),"-") -> 0 | BM16: =IFERROR(AT16/SUM($AO16:$BG16),"-") -> 0 | BN16: =IFERROR(AU16/SUM($AO16:$BG16),"-") -> 0 | BO16: =IFERROR(AV16/SUM($AO16:$BG16),"-") -> 0 | ... BZ16: =IFERROR(BG16/SUM($AO16:$BG16),"-") -> 0
A17: 121 | B17: 121-8 | C17: 2023 | D17: Frederiksberg Varmecentral | E17: 2000 | F17: Frederiksberg | G17: 147 | H17: 2 | I17: Storkøbenhavns Fjernvarme | J17: 77 | K17: 74132111 | L17: CTR I/S | M17: 1 | N17: FJ | O17: Fjernvarmeværk | P17: FVC2-2 kedel | Q17: Kedel | R17: 353000 | S17: 350030 | T17: fvv | U17: 35065 | W17: HO | X17: BOILER | Y17: YES | Z17: GAS OIL | AA17: ACTIVE | AB17: HOB_GO | AD17: 54 | AE17: 0 | AF17: 50 | AG17: 7.6727723 | AH17: 5.60873 | AI17: 5.60873 | AJ17: 0 | AK17: 0 | AL17: 1 | AM17: 0 | AN17: 0 | AR17: 7.6727723 | BH17: =IFERROR(AO17/SUM($AO17:$BG17),"-") -> 0 | BI17: =IFERROR(AP17/SUM($AO17:$BG17),"-") -> 0 | BJ17: =IFERROR(AQ17/SUM($AO17:$BG17),"-") -> 0 | BK17: =IFERROR(AR17/SUM($AO17:$BG17),"-") -> 1 | BL17: =IFERROR(AS17/SUM($AO17:$BG17),"-") -> 0 | BM17: =IFERROR(AT17/SUM($AO17:$BG17),"-") -> 0 | BN17: =IFERROR(AU17/SUM($AO17:$BG17),"-") -> 0 | BO17: =IFERROR(AV17/SUM($AO17:$BG17),"-") -> 0 | ... BZ17: =IFERROR(BG17/SUM($AO17:$BG17),"-") -> 0
A18: 121 | B18: 121-7 | C18: 2023 | D18: Frederiksberg Varmecentral | E18: 2000 | F18: Frederiksberg | G18: 147 | H18: 2 | I18: Storkøbenhavns Fjernvarme | J18: 77 | K18: 74132111 | L18: CTR I/S | M18: 1 | N18: FJ | O18: Fjernvarmeværk | P18: FVC2-1 kedel | Q18: Kedel | R18: 353000 | S18: 350030 | T18: fvv | U18: 35065 | W18: HO | X18: BOILER | Y18: YES | Z18: GAS OIL | AA18: ACTIVE | AB18: HOB_GO | AD18: 54 | AE18: 0 | AF18: 50 | AG18: 4.5234222 | AH18: 3.30659 | AI18: 3.30659 | AJ18: 0 | AK18: 0 | AL18: 1 | AM18: 0 | AN18: 0 | AR18: 4.5234222 | BH18: =IFERROR(AO18/SUM($AO18:$BG18),"-") -> 0 | BI18: =IFERROR(AP18/SUM($AO18:$BG18),"-") -> 0 | BJ18: =IFERROR(AQ18/SUM($AO18:$BG18),"-") -> 0 | BK18: =IFERROR(AR18/SUM($AO18:$BG18),"-") -> 1 | BL18: =IFERROR(AS18/SUM($AO18:$BG18),"-") -> 0 | BM18: =IFERROR(AT18/SUM($AO18:$BG18),"-") -> 0 | BN18: =IFERROR(AU18/SUM($AO18:$BG18),"-") -> 0 | BO18: =IFERROR(AV18/SUM($AO18:$BG18),"-") -> 0 | ... BZ18: =IFERROR(BG18/SUM($AO18:$BG18),"-") -> 0
A19: 121 | B19: 121-9 | C19: 2023 | D19: Frederiksberg Varmecentral | E19: 2000 | F19: Frederiksberg | G19: 147 | H19: 2 | I19: Storkøbenhavns Fjernvarme | J19: 77 | K19: 74132111 | L19: CTR I/S | M19: 1 | N19: FJ | O19: Fjernvarmeværk | P19: FVC2-3 kedel | Q19: Kedel | R19: 353000 | S19: 350030 | T19: fvv | U19: 36404 | W19: HO | X19: BOILER | Y19: YES | Z19: GAS OIL | AA19: ACTIVE | AB19: HOB_GO | AD19: 54 | AE19: 0 | AF19: 50 | AG19: 9.0294834 | AH19: 6.60047 | AI19: 6.60047 | AJ19: 0 | AK19: 0 | AL19: 1 | AM19: 0 | AN19: 0 | AR19: 9.0294834 | BH19: =IFERROR(AO19/SUM($AO19:$BG19),"-") -> 0 | BI19: =IFERROR(AP19/SUM($AO19:$BG19),"-") -> 0 | BJ19: =IFERROR(AQ19/SUM($AO19:$BG19),"-") -> 0 | BK19: =IFERROR(AR19/SUM($AO19:$BG19),"-") -> 1 | BL19: =IFERROR(AS19/SUM($AO19:$BG19),"-") -> 0 | BM19: =IFERROR(AT19/SUM($AO19:$BG19),"-") -> 0 | BN19: =IFERROR(AU19/SUM($AO19:$BG19),"-") -> 0 | BO19: =IFERROR(AV19/SUM($AO19:$BG19),"-") -> 0 | ... BZ19: =IFERROR(BG19/SUM($AO19:$BG19),"-") -> 0
A20: 244 | B20: 244-2 | C20: 2023 | D20: I/S Amager Ressourcecenter | E20: 2300 | F20: København S | G20: 101 | H20: 2 | I20: Storkøbenhavns Fjernvarme | J20: 236 | K20: 34208115 | L20: I/S Amager Ressourcecenter | M20: 1 | N20: ER | O20: Erhvervsværk | P20: 2 ovne &#43; 1 turbine | Q20: Dampturbine | R20: 382120 | S20: 383900 | T20: pev | U20: 42835 | W20: CHP | X20: STEAM_TURBINE | Y20: YES | Z20: MUNICIPAL WASTE | AA20: ACTIVE | AB20: ARC | AC20: assumed to be mono-fuel | AD20: 224 | AE20: 62 | AF20: 190 | AG20: 7239.6378 | AH20: 4677.9444 | AI20: 4677.9084 | AJ20: 1209.5705 | AK20: 1024.5154 | AL20: 0.51692182 | AM20: 0.48307421 | AN20: 3.9781e-06 | AR20: 51.516602 | AV20: 5550.5853 | AZ20: 1637.5359 | BH20: =IFERROR(AO20/SUM($AO20:$BG20),"-") -> 0 | BI20: =IFERROR(AP20/SUM($AO20:$BG20),"-") -> 0 | BJ20: =IFERROR(AQ20/SUM($AO20:$BG20),"-") -> 0 | BK20: =IFERROR(AR20/SUM($AO20:$BG20),"-") -> 0.0071159087 | BL20: =IFERROR(AS20/SUM($AO20:$BG20),"-") -> 0 | BM20: =IFERROR(AT20/SUM($AO20:$BG20),"-") -> 0 | BN20: =IFERROR(AU20/SUM($AO20:$BG20),"-") -> 0 | BO20: =IFERROR(AV20/SUM($AO20:$BG20),"-") -> 0.76669378 | ... BZ20: =IFERROR(BG20/SUM($AO20:$BG20),"-") -> 0
A21: 255 | B21: 255-2 | C21: 2023 | D21: ARGO Roskilde KraftVarmeVærk | E21: 4000 | F21: Roskilde | G21: 265 | H21: 2 | I21: Storkøbenhavns Fjernvarme | J21: 245 | K21: 13507406 | L21: ARGO I/S | M21: 1 | N21: ER | O21: Erhvervsværk | P21: Anlæg 5 | Q21: Dampturbine | R21: 382110 | S21: 383900 | T21: pev | U21: 36161 | W21: CHP | X21: STEAM_TURBINE | Y21: YES | Z21: MUNICIPAL WASTE | AA21: ACTIVE | AB21: ARGO5 | AD21: 65.1 | AE21: 13.7 | AF21: 45 | AG21: 1820.0965 | AH21: 1156.78 | AI21: 1156.78 | AJ21: 326.5848 | AK21: 281.97056 | AL21: 0.50844778 | AM21: 0.49155222 | AN21: 0 | AU21: 19.824354 | AV21: 1800.2721 | BH21: =IFERROR(AO21/SUM($AO21:$BG21),"-") -> 0 | BI21: =IFERROR(AP21/SUM($AO21:$BG21),"-") -> 0 | BJ21: =IFERROR(AQ21/SUM($AO21:$BG21),"-") -> 0 | BK21: =IFERROR(AR21/SUM($AO21:$BG21),"-") -> 0 | BL21: =IFERROR(AS21/SUM($AO21:$BG21),"-") -> 0 | BM21: =IFERROR(AT21/SUM($AO21:$BG21),"-") -> 0 | BN21: =IFERROR(AU21/SUM($AO21:$BG21),"-") -> 0.010891925 | BO21: =IFERROR(AV21/SUM($AO21:$BG21),"-") -> 0.98910808 | ... BZ21: =IFERROR(BG21/SUM($AO21:$BG21),"-") -> 0
A22: 255 | B22: 255-3 | C22: 2023 | D22: ARGO Roskilde KraftVarmeVærk | E22: 4000 | F22: Roskilde | G22: 265 | H22: 2 | I22: Storkøbenhavns Fjernvarme | J22: 245 | K22: 13507406 | L22: ARGO I/S | M22: 1 | N22: ER | O22: Erhvervsværk | P22: Anlæg 6 (Energitårnet) | Q22: Dampturbine | R22: 382110 | S22: 383900 | T22: pev | U22: 41514 | W22: CHP | X22: STEAM_TURBINE | Y22: YES | Z22: MUNICIPAL WASTE | AA22: ACTIVE | AB22: ARGO6 | AD22: 73 | AE22: 19.4 | AF22: 51.8 | AG22: 2118.7322 | AH22: 1563.099 | AI22: 1563.099 | AJ22: 432.0684 | AK22: 370.78956 | AL22: 0.59020163 | AM22: 0.40979837 | AN22: 0 | AR22: 6.8518874 | AV22: 2111.8803 | BH22: =IFERROR(AO22/SUM($AO22:$BG22),"-") -> 0 | BI22: =IFERROR(AP22/SUM($AO22:$BG22),"-") -> 0 | BJ22: =IFERROR(AQ22/SUM($AO22:$BG22),"-") -> 0 | BK22: =IFERROR(AR22/SUM($AO22:$BG22),"-") -> 0.0032339563 | BL22: =IFERROR(AS22/SUM($AO22:$BG22),"-") -> 0 | BM22: =IFERROR(AT22/SUM($AO22:$BG22),"-") -> 0 | BN22: =IFERROR(AU22/SUM($AO22:$BG22),"-") -> 0 | BO22: =IFERROR(AV22/SUM($AO22:$BG22),"-") -> 0.99676604 | ... BZ22: =IFERROR(BG22/SUM($AO22:$BG22),"-") -> 0
A23: 269 | B23: 269-1 | C23: 2023 | D23: Avedøreværket | E23: 2650 | F23: Hvidovre | G23: 167 | H23: 2 | I23: Storkøbenhavns Fjernvarme | J23: 2161 | K23: 27446469 | L23: Ørsted Bioenergy & Thermal Power A/S | M23: 1 | N23: CE | O23: Centralt værk | P23: AVV1 Dampturbine | Q23: Dampturbine | R23: 351100 | S23: 350010 | T23: cev | U23: 32874 | W23: CHP | X23: STEAM_TURBINE | Y23: YES | Z23: WOOD PELLETS | AA23: ACTIVE | AB23: AVV1 | AD23: 624 | AE23: 257.6 | AF23: 353.5 | AG23: 8765.4588 | AH23: 3288.217 | AI23: 3277.0316 | AJ23: 3235.3596 | AK23: 2978.7008 | AL23: 0.30010678 | AM23: 0.69989322 | AN23: 0 | AO23: 0.019365693 | AP23: 35.76072 | AR23: 14.923713 | BA23: 8714.755 | BH23: =IFERROR(AO23/SUM($AO23:$BG23),"-") -> 2.2093188e-06 | BI23: =IFERROR(AP23/SUM($AO23:$BG23),"-") -> 0.0040797317 | BJ23: =IFERROR(AQ23/SUM($AO23:$BG23),"-") -> 0 | BK23: =IFERROR(AR23/SUM($AO23:$BG23),"-") -> 0.0017025593 | BL23: =IFERROR(AS23/SUM($AO23:$BG23),"-") -> 0 | BM23: =IFERROR(AT23/SUM($AO23:$BG23),"-") -> 0 | BN23: =IFERROR(AU23/SUM($AO23:$BG23),"-") -> 0 | BO23: =IFERROR(AV23/SUM($AO23:$BG23),"-") -> 0 | ... BZ23: =IFERROR(BG23/SUM($AO23:$BG23),"-") -> 0
A24: 269 | B24: 269-2 | C24: 2023 | D24: Avedøreværket | E24: 2650 | F24: Hvidovre | G24: 167 | H24: 2 | I24: Storkøbenhavns Fjernvarme | J24: 2161 | K24: 27446469 | L24: Ørsted Bioenergy & Thermal Power A/S | M24: 1 | N24: CE | O24: Centralt værk | P24: AVV2 Kombianlæg | Q24: Kombianlæg | R24: 351100 | S24: 350010 | T24: cev | U24: 36892 | W24: CHP | X24: COMBINED_CYCLE | Y24: YES | Z24: WOOD PELLETS | AA24: ACTIVE | AB24: AVV2 | AC24: assumed to be mono-fuel | AD24: 1168 | AE24: 548 | AF24: 583 | AG24: 13289.213 | AH24: 5398.865 | AI24: 5371.4244 | AJ24: 4807.1988 | AK24: 4411.877 | AL24: 0.32500735 | AM24: 0.67499265 | AN24: 0 | AO24: 0.01889758 | AR24: 0.315656 | AU24: 434.84918 | AX24: 1609.3695 | BA24: 11244.66 | BH24: =IFERROR(AO24/SUM($AO24:$BG24),"-") -> 1.422024e-06 | BI24: =IFERROR(AP24/SUM($AO24:$BG24),"-") -> 0 | BJ24: =IFERROR(AQ24/SUM($AO24:$BG24),"-") -> 0 | BK24: =IFERROR(AR24/SUM($AO24:$BG24),"-") -> 2.3752798e-05 | BL24: =IFERROR(AS24/SUM($AO24:$BG24),"-") -> 0 | BM24: =IFERROR(AT24/SUM($AO24:$BG24),"-") -> 0 | BN24: =IFERROR(AU24/SUM($AO24:$BG24),"-") -> 0.032721966 | BO24: =IFERROR(AV24/SUM($AO24:$BG24),"-") -> 0 | ... BZ24: =IFERROR(BG24/SUM($AO24:$BG24),"-") -> 0
A25: 269 | B25: 269-7 | C25: 2023 | D25: Avedøreværket | E25: 2650 | F25: Hvidovre | G25: 167 | H25: 2 | I25: Storkøbenhavns Fjernvarme | J25: 2161 | K25: 27446469 | L25: Ørsted Bioenergy & Thermal Power A/S | M25: 1 | N25: CE | O25: Centralt værk | P25: AVV EL-patron Damppudegenerator | Q25: Elpatron | R25: 351100 | S25: 350010 | T25: fvv | U25: 33756 | W25: HO | X25: BOILER | Y25: YES | Z25: ELECTRICITY | AA25: ACTIVE | AB25: HOB_EL | AD25: 0.015 | AE25: 0 | AF25: 0.015 | AG25: 0 | AH25: 0 | AI25: 0 | AJ25: 0 | AK25: 0 | AL25: 1 | AM25: 0 | AN25: 0 | BF25: 0 | BH25: =IFERROR(AO25/SUM($AO25:$BG25),"-") -> - | BI25: =IFERROR(AP25/SUM($AO25:$BG25),"-") -> - | BJ25: =IFERROR(AQ25/SUM($AO25:$BG25),"-") -> - | BK25: =IFERROR(AR25/SUM($AO25:$BG25),"-") -> - | BL25: =IFERROR(AS25/SUM($AO25:$BG25),"-") -> - | BM25: =IFERROR(AT25/SUM($AO25:$BG25),"-") -> - | BN25: =IFERROR(AU25/SUM($AO25:$BG25),"-") -> - | BO25: =IFERROR(AV25/SUM($AO25:$BG25),"-") -> - | ... BZ25: =IFERROR(BG25/SUM($AO25:$BG25),"-") -> -
A26: 285 | B26: 285-11 | C26: 2023 | D26: I/S Vestforbrænding | E26: 2600 | F26: Glostrup | G26: 161 | H26: 2 | I26: Storkøbenhavns Fjernvarme | J26: 259 | K26: 10866111 | L26: I/S VESTFORBRÆNDING | M26: 1 | N26: ER | O26: Erhvervsværk | P26: Anlæg 6 - dampturbine | Q26: Dampturbine | R26: 382120 | S26: 383900 | T26: pev | U26: 38261 | W26: CHP | X26: STEAM_TURBINE | Y26: YES | Z26: MUNICIPAL WASTE | AA26: ACTIVE | AB26: VF6 | AD26: 111.76 | AE26: 22 | AF26: 73 | AG26: 2692.3832 | AH26: 2297.502 | AI26: 2281.8276 | AJ26: 435.9132 | AK26: 370.4976 | AL26: 0.63291947 | AM26: 0.36273286 | AN26: 0.0043476698 | AU26: 25.160929 | AV26: 2667.2223 | BH26: =IFERROR(AO26/SUM($AO26:$BG26),"-") -> 0 | BI26: =IFERROR(AP26/SUM($AO26:$BG26),"-") -> 0 | BJ26: =IFERROR(AQ26/SUM($AO26:$BG26),"-") -> 0 | BK26: =IFERROR(AR26/SUM($AO26:$BG26),"-") -> 0 | BL26: =IFERROR(AS26/SUM($AO26:$BG26),"-") -> 0 | BM26: =IFERROR(AT26/SUM($AO26:$BG26),"-") -> 0 | BN26: =IFERROR(AU26/SUM($AO26:$BG26),"-") -> 0.0093452258 | BO26: =IFERROR(AV26/SUM($AO26:$BG26),"-") -> 0.99065477 | ... BZ26: =IFERROR(BG26/SUM($AO26:$BG26),"-") -> 0
A27: 285 | B27: 285-10 | C27: 2023 | D27: I/S Vestforbrænding | E27: 2600 | F27: Glostrup | G27: 161 | H27: 2 | I27: Storkøbenhavns Fjernvarme | J27: 259 | K27: 10866111 | L27: I/S VESTFORBRÆNDING | M27: 1 | N27: ER | O27: Erhvervsværk | P27: Anlæg 5 - dampturbine | Q27: Dampturbine | R27: 382120 | S27: 383900 | T27: pev | U27: 36136 | W27: CHP | X27: STEAM_TURBINE | Y27: YES | Z27: MUNICIPAL WASTE | AA27: ACTIVE | AB27: VF5 | AD27: 84.71 | AE27: 17 | AF27: 69 | AG27: 1981.0623 | AH27: 1582.632 | AI27: 1570.9356 | AJ27: 318.9276 | AK27: 265.7052 | AL27: 0.6343811 | AM27: 0.36089561 | AN27: 0.0047232841 | AR27: 18.171742 | AV27: 1962.8905 | BH27: =IFERROR(AO27/SUM($AO27:$BG27),"-") -> 0 | BI27: =IFERROR(AP27/SUM($AO27:$BG27),"-") -> 0 | BJ27: =IFERROR(AQ27/SUM($AO27:$BG27),"-") -> 0 | BK27: =IFERROR(AR27/SUM($AO27:$BG27),"-") -> 0.0091727262 | BL27: =IFERROR(AS27/SUM($AO27:$BG27),"-") -> 0 | BM27: =IFERROR(AT27/SUM($AO27:$BG27),"-") -> 0 | BN27: =IFERROR(AU27/SUM($AO27:$BG27),"-") -> 0 | BO27: =IFERROR(AV27/SUM($AO27:$BG27),"-") -> 0.99082727 | ... BZ27: =IFERROR(BG27/SUM($AO27:$BG27),"-") -> 0
A28: 285 | B28: 285-5 | C28: 2023 | D28: I/S Vestforbrænding | E28: 2600 | F28: Glostrup | G28: 161 | H28: 2 | I28: Storkøbenhavns Fjernvarme | J28: 259 | K28: 10866111 | L28: I/S VESTFORBRÆNDING | M28: 1 | N28: ER | O28: Erhvervsværk | P28: Spidslastkedel 1 på Vestforbr - kedel | Q28: Kedel | R28: 382120 | S28: 383900 | T28: pvp | U28: 26299 | W28: HO | X28: BOILER | Y28: YES | Z28: SPLIT | AA28: ACTIVE | AB28: ?? | AD28: 22.22 | AE28: 0 | AF28: 20.35 | AG28: 50.998005 | AH28: 50.9436 | AI28: 49.5972 | AJ28: 0 | AK28: 0 | AL28: 0.97357077 | AM28: 0 | AN28: 0.026429228 | AR28: 9.5417787 | AU28: 41.456226 | BH28: =IFERROR(AO28/SUM($AO28:$BG28),"-") -> 0 | BI28: =IFERROR(AP28/SUM($AO28:$BG28),"-") -> 0 | BJ28: =IFERROR(AQ28/SUM($AO28:$BG28),"-") -> 0 | BK28: =IFERROR(AR28/SUM($AO28:$BG28),"-") -> 0.18710102 | BL28: =IFERROR(AS28/SUM($AO28:$BG28),"-") -> 0 | BM28: =IFERROR(AT28/SUM($AO28:$BG28),"-") -> 0 | BN28: =IFERROR(AU28/SUM($AO28:$BG28),"-") -> 0.81289898 | BO28: =IFERROR(AV28/SUM($AO28:$BG28),"-") -> 0 | ... BZ28: =IFERROR(BG28/SUM($AO28:$BG28),"-") -> 0
A29: 285 | B29: 285-6 | C29: 2023 | D29: I/S Vestforbrænding | E29: 2600 | F29: Glostrup | G29: 161 | H29: 2 | I29: Storkøbenhavns Fjernvarme | J29: 259 | K29: 10866111 | L29: I/S VESTFORBRÆNDING | M29: 1 | N29: ER | O29: Erhvervsværk | P29: Spidslastkedel 2 på Vestforbr - kedel | Q29: Kedel | R29: 382120 | S29: 383900 | T29: pvp | U29: 26299 | W29: HO | X29: BOILER | Y29: YES | Z29: SPLIT | AA29: ACTIVE | AB29: ?? | AD29: 22.22 | AE29: 0 | AF29: 20.35 | AG29: 44.507155 | AH29: 44.46 | AI29: 43.1136 | AJ29: 0 | AK29: 0 | AL29: 0.9697166 | AM29: 0 | AN29: 0.030283401 | AR29: 8.325427 | AU29: 36.181728 | BH29: =IFERROR(AO29/SUM($AO29:$BG29),"-") -> 0 | BI29: =IFERROR(AP29/SUM($AO29:$BG29),"-") -> 0 | BJ29: =IFERROR(AQ29/SUM($AO29:$BG29),"-") -> 0 | BK29: =IFERROR(AR29/SUM($AO29:$BG29),"-") -> 0.18705817 | BL29: =IFERROR(AS29/SUM($AO29:$BG29),"-") -> 0 | BM29: =IFERROR(AT29/SUM($AO29:$BG29),"-") -> 0 | BN29: =IFERROR(AU29/SUM($AO29:$BG29),"-") -> 0.81294183 | BO29: =IFERROR(AV29/SUM($AO29:$BG29),"-") -> 0 | ... BZ29: =IFERROR(BG29/SUM($AO29:$BG29),"-") -> 0
A30: 285 | B30: 285-7 | C30: 2023 | D30: I/S Vestforbrænding | E30: 2600 | F30: Glostrup | G30: 161 | H30: 2 | I30: Storkøbenhavns Fjernvarme | J30: 259 | K30: 10866111 | L30: I/S VESTFORBRÆNDING | M30: 1 | N30: ER | O30: Erhvervsværk | P30: Spidslastkedel 3 på Vestforbr - kedel | Q30: Kedel | R30: 382120 | S30: 383900 | T30: pvp | U30: 29587 | W30: HO | X30: BOILER | Y30: YES | Z30: SPLIT | AA30: ACTIVE | AB30: ?? | AD30: 22.22 | AE30: 0 | AF30: 20.35 | AG30: 76.870031 | AH30: 62.6724 | AI30: 61.326 | AJ30: 0 | AK30: 0 | AL30: 0.97851686 | AM30: 0 | AN30: 0.021483141 | AR30: 11.736664 | AU30: 65.133367 | BH30: =IFERROR(AO30/SUM($AO30:$BG30),"-") -> 0 | BI30: =IFERROR(AP30/SUM($AO30:$BG30),"-") -> 0 | BJ30: =IFERROR(AQ30/SUM($AO30:$BG30),"-") -> 0 | BK30: =IFERROR(AR30/SUM($AO30:$BG30),"-") -> 0.15268192 | BL30: =IFERROR(AS30/SUM($AO30:$BG30),"-") -> 0 | BM30: =IFERROR(AT30/SUM($AO30:$BG30),"-") -> 0 | BN30: =IFERROR(AU30/SUM($AO30:$BG30),"-") -> 0.84731808 | BO30: =IFERROR(AV30/SUM($AO30:$BG30),"-") -> 0 | ... BZ30: =IFERROR(BG30/SUM($AO30:$BG30),"-") -> 0
A31: 298 | B31: 298-2 | C31: 2023 | D31: Ishøj Varmeværk Industrivangen | E31: 2635 | F31: Ishøj | G31: 183 | H31: 2 | I31: Storkøbenhavns Fjernvarme | J31: 267 | K31: 11931316 | L31: Ishøj Kommune | N31: FJ | O31: Fjernvarmeværk | P31: Kedel 2 Burmeister & Wain | Q31: Kedel | R31: 353000 | S31: 350030 | T31: fvv | U31: 30286 | W31: HO | X31: BOILER | Y31: NO | Z31: UNKNOWN | AA31: INOPERATIVE | AB31: - | AC31: inoperative, unknown fuel | AD31: 11 | AE31: 0 | AF31: 11 | AG31: 0 | AH31: 0 | AI31: 0 | AJ31: 0 | AK31: 0 | AL31: 1 | AM31: 0 | AN31: 0 | BA31: 0 | BH31: =IFERROR(AO31/SUM($AO31:$BG31),"-") -> - | BI31: =IFERROR(AP31/SUM($AO31:$BG31),"-") -> - | BJ31: =IFERROR(AQ31/SUM($AO31:$BG31),"-") -> - | BK31: =IFERROR(AR31/SUM($AO31:$BG31),"-") -> - | BL31: =IFERROR(AS31/SUM($AO31:$BG31),"-") -> - | BM31: =IFERROR(AT31/SUM($AO31:$BG31),"-") -> - | BN31: =IFERROR(AU31/SUM($AO31:$BG31),"-") -> - | BO31: =IFERROR(AV31/SUM($AO31:$BG31),"-") -> - | ... BZ31: =IFERROR(BG31/SUM($AO31:$BG31),"-") -> -
A32: 298 | B32: 298-4 | C32: 2023 | D32: Ishøj Varmeværk Industrivangen | E32: 2635 | F32: Ishøj | G32: 183 | H32: 2 | I32: Storkøbenhavns Fjernvarme | J32: 267 | K32: 11931316 | L32: Ishøj Kommune | N32: FJ | O32: Fjernvarmeværk | P32: Gaskedlen Viessmann | Q32: Kedel | R32: 353000 | S32: 350030 | T32: fvv | U32: 32874 | W32: HO | X32: BOILER | Y32: NO | Z32: NATURAL GAS | AA32: ACTIVE | AB32: HOB_NG_NOETS | AD32: 2.5 | AE32: 0 | AF32: 2.5 | AG32: 0.033066 | AH32: 0 | AI32: 0 | AJ32: 0 | AK32: 0 | AL32: 1 | AM32: 0 | AN32: 0 | AU32: 0.033066 | BH32: =IFERROR(AO32/SUM($AO32:$BG32),"-") -> 0 | BI32: =IFERROR(AP32/SUM($AO32:$BG32),"-") -> 0 | BJ32: =IFERROR(AQ32/SUM($AO32:$BG32),"-") -> 0 | BK32: =IFERROR(AR32/SUM($AO32:$BG32),"-") -> 0 | BL32: =IFERROR(AS32/SUM($AO32:$BG32),"-") -> 0 | BM32: =IFERROR(AT32/SUM($AO32:$BG32),"-") -> 0 | BN32: =IFERROR(AU32/SUM($AO32:$BG32),"-") -> 1 | BO32: =IFERROR(AV32/SUM($AO32:$BG32),"-") -> 0 | ... BZ32: =IFERROR(BG32/SUM($AO32:$BG32),"-") -> 0
A33: 298 | B33: 298-1 | C33: 2023 | D33: Ishøj Varmeværk Industrivangen | E33: 2635 | F33: Ishøj | G33: 183 | H33: 2 | I33: Storkøbenhavns Fjernvarme | J33: 267 | K33: 11931316 | L33: Ishøj Kommune | N33: FJ | O33: Fjernvarmeværk | P33: Kedel 1 Burmeister & Wain | Q33: Kedel | R33: 353000 | S33: 350030 | T33: fvv | U33: 30256 | W33: HO | X33: BOILER | Y33: NO | Z33: WOOD PELLETS | AA33: ACTIVE | AB33: HOB_WP | AD33: 11 | AE33: 0 | AF33: 11 | AG33: 116.6865 | AH33: 110.019 | AI33: 110.019 | AJ33: 0 | AK33: 0 | AL33: 1 | AM33: 0 | AN33: 0 | BA33: 116.6865 | BH33: =IFERROR(AO33/SUM($AO33:$BG33),"-") -> 0 | BI33: =IFERROR(AP33/SUM($AO33:$BG33),"-") -> 0 | BJ33: =IFERROR(AQ33/SUM($AO33:$BG33),"-") -> 0 | BK33: =IFERROR(AR33/SUM($AO33:$BG33),"-") -> 0 | BL33: =IFERROR(AS33/SUM($AO33:$BG33),"-") -> 0 | BM33: =IFERROR(AT33/SUM($AO33:$BG33),"-") -> 0 | BN33: =IFERROR(AU33/SUM($AO33:$BG33),"-") -> 0 | BO33: =IFERROR(AV33/SUM($AO33:$BG33),"-") -> 0 | ... BZ33: =IFERROR(BG33/SUM($AO33:$BG33),"-") -> 0
A34: 298 | B34: 298-3 | C34: 2023 | D34: Ishøj Varmeværk Industrivangen | E34: 2635 | F34: Ishøj | G34: 183 | H34: 2 | I34: Storkøbenhavns Fjernvarme | J34: 267 | K34: 11931316 | L34: Ishøj Kommune | N34: FJ | O34: Fjernvarmeværk | P34: Kedel 3 Burmeister & Wain | Q34: Kedel | R34: 353000 | S34: 350030 | T34: fvv | U34: 30286 | W34: HO | X34: BOILER | Y34: NO | Z34: UNKNOWN | AA34: INOPERATIVE | AB34: - | AC34: inoperative, unknown fuel | AD34: 11 | AE34: 0 | AF34: 11 | AG34: 0 | AH34: 0 | AI34: 0 | AJ34: 0 | AK34: 0 | AL34: 1 | AM34: 0 | AN34: 0 | BA34: 0 | BH34: =IFERROR(AO34/SUM($AO34:$BG34),"-") -> - | BI34: =IFERROR(AP34/SUM($AO34:$BG34),"-") -> - | BJ34: =IFERROR(AQ34/SUM($AO34:$BG34),"-") -> - | BK34: =IFERROR(AR34/SUM($AO34:$BG34),"-") -> - | BL34: =IFERROR(AS34/SUM($AO34:$BG34),"-") -> - | BM34: =IFERROR(AT34/SUM($AO34:$BG34),"-") -> - | BN34: =IFERROR(AU34/SUM($AO34:$BG34),"-") -> - | BO34: =IFERROR(AV34/SUM($AO34:$BG34),"-") -> - | ... BZ34: =IFERROR(BG34/SUM($AO34:$BG34),"-") -> -
A35: 330 | B35: 330-1 | C35: 2023 | D35: Amagerværket | E35: 2300 | F35: København S | G35: 101 | H35: 2 | I35: Storkøbenhavns Fjernvarme | J35: 2184 | K35: 35523294 | L35: HOFOR ENERGIPRODUKTION A/S | M35: 1 | N35: CE | O35: Centralt værk | P35: AMV1 | Q35: Dampturbine | R35: 351100 | S35: 350010 | T35: cev | U35: 25934 | W35: CHP | X35: STEAM_TURBINE | Y35: YES | Z35: WOOD PELLETS | AA35: ACTIVE | AB35: AMV1 | AD35: 362 | AE35: 64 | AF35: 251 | AG35: 4189.4044 | AH35: 3210.5916 | AI35: 3210.5916 | AJ35: 735.768 | AK35: 607.752 | AL35: 0.61308792 | AM35: 0.38691208 | AN35: 0 | AR35: 35.9544 | BA35: 4153.45 | BH35: =IFERROR(AO35/SUM($AO35:$BG35),"-") -> 0 | BI35: =IFERROR(AP35/SUM($AO35:$BG35),"-") -> 0 | BJ35: =IFERROR(AQ35/SUM($AO35:$BG35),"-") -> 0 | BK35: =IFERROR(AR35/SUM($AO35:$BG35),"-") -> 0.0085822223 | BL35: =IFERROR(AS35/SUM($AO35:$BG35),"-") -> 0 | BM35: =IFERROR(AT35/SUM($AO35:$BG35),"-") -> 0 | BN35: =IFERROR(AU35/SUM($AO35:$BG35),"-") -> 0 | BO35: =IFERROR(AV35/SUM($AO35:$BG35),"-") -> 0 | ... BZ35: =IFERROR(BG35/SUM($AO35:$BG35),"-") -> 0
A36: 330 | B36: 330-6 | C36: 2023 | D36: Amagerværket | E36: 2300 | F36: København S | G36: 101 | H36: 2 | I36: Storkøbenhavns Fjernvarme | J36: 2184 | K36: 35523294 | L36: HOFOR ENERGIPRODUKTION A/S | M36: 1 | N36: CE | O36: Centralt værk | P36: AMV4 | Q36: Dampturbine | R36: 351100 | S36: 350010 | T36: cev | U36: 43709 | W36: CHP | X36: STEAM_TURBINE | Y36: YES | Z36: WOOD CHIPS | AA36: ACTIVE | AB36: AMV4 | AD36: 500 | AE36: 150 | AF36: 400 | AG36: 9701.6458 | AH36: 7612.67 | AI36: 7612.67 | AJ36: 2448.4716 | AK36: 2144.4156 | AL36: 0.62774256 | AM36: 0.37225744 | AN36: 0 | AR36: 14.421378 | AY36: 9687.2245 | BH36: =IFERROR(AO36/SUM($AO36:$BG36),"-") -> 0 | BI36: =IFERROR(AP36/SUM($AO36:$BG36),"-") -> 0 | BJ36: =IFERROR(AQ36/SUM($AO36:$BG36),"-") -> 0 | BK36: =IFERROR(AR36/SUM($AO36:$BG36),"-") -> 0.0014864878 | BL36: =IFERROR(AS36/SUM($AO36:$BG36),"-") -> 0 | BM36: =IFERROR(AT36/SUM($AO36:$BG36),"-") -> 0 | BN36: =IFERROR(AU36/SUM($AO36:$BG36),"-") -> 0 | BO36: =IFERROR(AV36/SUM($AO36:$BG36),"-") -> 0 | ... BZ36: =IFERROR(BG36/SUM($AO36:$BG36),"-") -> 0
A37: 331 | B37: 331-6 | C37: 2023 | D37: H.C. Ørsted Værket | E37: 2450 | F37: København SV | G37: 101 | H37: 2 | I37: Storkøbenhavns Fjernvarme | J37: 2161 | K37: 27446469 | L37: Ørsted Bioenergy & Thermal Power A/S | M37: 1 | N37: CE | O37: Centralt værk | P37: HCV Kedel 22 | Q37: Kedel | R37: 351100 | S37: 350010 | T37: fvv | U37: 38718 | W37: HO | X37: BOILER | Y37: YES | Z37: NATURAL GAS | AA37: ACTIVE | AB37: HOB_NG | AD37: 106 | AE37: 0 | AF37: 99.6 | AG37: 188.27354 | AH37: 168.3829 | AI37: 168.3829 | AJ37: 0 | AK37: 0 | AL37: 1 | AM37: 0 | AN37: 0 | AU37: 188.27354 | BH37: =IFERROR(AO37/SUM($AO37:$BG37),"-") -> 0 | BI37: =IFERROR(AP37/SUM($AO37:$BG37),"-") -> 0 | BJ37: =IFERROR(AQ37/SUM($AO37:$BG37),"-") -> 0 | BK37: =IFERROR(AR37/SUM($AO37:$BG37),"-") -> 0 | BL37: =IFERROR(AS37/SUM($AO37:$BG37),"-") -> 0 | BM37: =IFERROR(AT37/SUM($AO37:$BG37),"-") -> 0 | BN37: =IFERROR(AU37/SUM($AO37:$BG37),"-") -> 1 | BO37: =IFERROR(AV37/SUM($AO37:$BG37),"-") -> 0 | ... BZ37: =IFERROR(BG37/SUM($AO37:$BG37),"-") -> 0
A38: 331 | B38: 331-2 | C38: 2023 | D38: H.C. Ørsted Værket | E38: 2450 | F38: København SV | G38: 101 | H38: 2 | I38: Storkøbenhavns Fjernvarme | J38: 2161 | K38: 27446469 | L38: Ørsted Bioenergy & Thermal Power A/S | M38: 1 | N38: CE | O38: Centralt værk | P38: HCV Blok 7 | Q38: Dampturbine | R38: 351100 | S38: 350010 | T38: cev | U38: 31048 | W38: CHP | X38: STEAM_TURBINE | Y38: YES | Z38: NATURAL GAS | AA38: ACTIVE | AB38: HCV7 | AD38: 200 | AE38: 44.2 | AF38: 142.7 | AG38: 0 | AH38: 0 | AI38: 0 | AJ38: 0 | AK38: 0 | AL38: 1 | AM38: 0 | AN38: 0 | AU38: 0 | BH38: =IFERROR(AO38/SUM($AO38:$BG38),"-") -> - | BI38: =IFERROR(AP38/SUM($AO38:$BG38),"-") -> - | BJ38: =IFERROR(AQ38/SUM($AO38:$BG38),"-") -> - | BK38: =IFERROR(AR38/SUM($AO38:$BG38),"-") -> - | BL38: =IFERROR(AS38/SUM($AO38:$BG38),"-") -> - | BM38: =IFERROR(AT38/SUM($AO38:$BG38),"-") -> - | BN38: =IFERROR(AU38/SUM($AO38:$BG38),"-") -> - | BO38: =IFERROR(AV38/SUM($AO38:$BG38),"-") -> - | ... BZ38: =IFERROR(BG38/SUM($AO38:$BG38),"-") -> -
A39: 331 | B39: 331-4 | C39: 2023 | D39: H.C. Ørsted Værket | E39: 2450 | F39: København SV | G39: 101 | H39: 2 | I39: Storkøbenhavns Fjernvarme | J39: 2161 | K39: 27446469 | L39: Ørsted Bioenergy & Thermal Power A/S | M39: 1 | N39: CE | O39: Centralt værk | P39: HCV blok 8 | Q39: Gasturbine | R39: 351100 | S39: 350010 | T39: cev | U39: 37987 | W39: CHP | X39: GAS_TURBINE | Y39: YES | Z39: NATURAL GAS | AA39: ACTIVE | AB39: HCV8 | AD39: 121 | AE39: 21 | AF39: 92.5 | AG39: 211.02969 | AH39: 135.70306 | AI39: 135.70306 | AJ39: 60.77124 | AK39: 57.9096 | AL39: 0.51444158 | AM39: 0.48555842 | AN39: 0 | AU39: 211.02969 | BH39: =IFERROR(AO39/SUM($AO39:$BG39),"-") -> 0 | BI39: =IFERROR(AP39/SUM($AO39:$BG39),"-") -> 0 | BJ39: =IFERROR(AQ39/SUM($AO39:$BG39),"-") -> 0 | BK39: =IFERROR(AR39/SUM($AO39:$BG39),"-") -> 0 | BL39: =IFERROR(AS39/SUM($AO39:$BG39),"-") -> 0 | BM39: =IFERROR(AT39/SUM($AO39:$BG39),"-") -> 0 | BN39: =IFERROR(AU39/SUM($AO39:$BG39),"-") -> 1 | BO39: =IFERROR(AV39/SUM($AO39:$BG39),"-") -> 0 | ... BZ39: =IFERROR(BG39/SUM($AO39:$BG39),"-") -> 0
A40: 331 | B40: 331-5 | C40: 2023 | D40: H.C. Ørsted Værket | E40: 2450 | F40: København SV | G40: 101 | H40: 2 | I40: Storkøbenhavns Fjernvarme | J40: 2161 | K40: 27446469 | L40: Ørsted Bioenergy & Thermal Power A/S | M40: 1 | N40: CE | O40: Centralt værk | P40: HCV kedel 21 | Q40: Kedel | R40: 351100 | S40: 350010 | T40: fvv | U40: 38718 | W40: HO | X40: BOILER | Y40: YES | Z40: NATURAL GAS | AA40: ACTIVE | AB40: HOB_NG | AD40: 106 | AE40: 0 | AF40: 99.6 | AG40: 123.04188 | AH40: 104.2395 | AI40: 104.2395 | AJ40: 0 | AK40: 0 | AL40: 1 | AM40: 0 | AN40: 0 | AU40: 123.04188 | BH40: =IFERROR(AO40/SUM($AO40:$BG40),"-") -> 0 | BI40: =IFERROR(AP40/SUM($AO40:$BG40),"-") -> 0 | BJ40: =IFERROR(AQ40/SUM($AO40:$BG40),"-") -> 0 | BK40: =IFERROR(AR40/SUM($AO40:$BG40),"-") -> 0 | BL40: =IFERROR(AS40/SUM($AO40:$BG40),"-") -> 0 | BM40: =IFERROR(AT40/SUM($AO40:$BG40),"-") -> 0 | BN40: =IFERROR(AU40/SUM($AO40:$BG40),"-") -> 1 | BO40: =IFERROR(AV40/SUM($AO40:$BG40),"-") -> 0 | ... BZ40: =IFERROR(BG40/SUM($AO40:$BG40),"-") -> 0
A41: 332 | B41: 332-4 | C41: 2023 | D41: Svanemølleværket | E41: 2100 | F41: København Ø | G41: 101 | H41: 2 | I41: Storkøbenhavns Fjernvarme | J41: 2161 | K41: 27446469 | L41: Ørsted Bioenergy & Thermal Power A/S | M41: 1 | N41: CE | O41: Centralt værk | P41: SMV Kedel 22 | Q41: Kedel | R41: 351100 | S41: 350010 | T41: fvv | U41: 39600 | W41: HO | X41: BOILER | Y41: YES | Z41: NATURAL GAS | AA41: ACTIVE | AB41: HOB_NG | AD41: 140.7 | AE41: 0 | AF41: 128 | AG41: 84.76449 | AH41: 74.01452 | AI41: 74.01452 | AJ41: 0 | AK41: 0 | AL41: 1 | AM41: 0 | AN41: 0 | AU41: 84.76449 | BH41: =IFERROR(AO41/SUM($AO41:$BG41),"-") -> 0 | BI41: =IFERROR(AP41/SUM($AO41:$BG41),"-") -> 0 | BJ41: =IFERROR(AQ41/SUM($AO41:$BG41),"-") -> 0 | BK41: =IFERROR(AR41/SUM($AO41:$BG41),"-") -> 0 | BL41: =IFERROR(AS41/SUM($AO41:$BG41),"-") -> 0 | BM41: =IFERROR(AT41/SUM($AO41:$BG41),"-") -> 0 | BN41: =IFERROR(AU41/SUM($AO41:$BG41),"-") -> 1 | BO41: =IFERROR(AV41/SUM($AO41:$BG41),"-") -> 0 | ... BZ41: =IFERROR(BG41/SUM($AO41:$BG41),"-") -> 0
A42: 332 | B42: 332-2 | C42: 2023 | D42: Svanemølleværket | E42: 2100 | F42: København Ø | G42: 101 | H42: 2 | I42: Storkøbenhavns Fjernvarme | J42: 2161 | K42: 27446469 | L42: Ørsted Bioenergy & Thermal Power A/S | M42: 1 | N42: CE | O42: Centralt værk | P42: SMV Blok 7 &#43; SMV1 | Q42: Gasturbine | R42: 351100 | S42: 350010 | T42: cev | U42: 34700 | W42: CHP | X42: GAS_TURBINE | Y42: YES | Z42: NATURAL GAS | AA42: DECOMISSIONED | AB42: - | AC42: decomissioned | AD42: 243 | AE42: 78.5 | AF42: 135 | AG42: 0 | AH42: 0 | AI42: 0 | AJ42: 0 | AK42: 0 | AL42: 1 | AM42: 0 | AN42: 0 | AU42: 0 | BH42: =IFERROR(AO42/SUM($AO42:$BG42),"-") -> - | BI42: =IFERROR(AP42/SUM($AO42:$BG42),"-") -> - | BJ42: =IFERROR(AQ42/SUM($AO42:$BG42),"-") -> - | BK42: =IFERROR(AR42/SUM($AO42:$BG42),"-") -> - | BL42: =IFERROR(AS42/SUM($AO42:$BG42),"-") -> - | BM42: =IFERROR(AT42/SUM($AO42:$BG42),"-") -> - | BN42: =IFERROR(AU42/SUM($AO42:$BG42),"-") -> - | BO42: =IFERROR(AV42/SUM($AO42:$BG42),"-") -> - | ... BZ42: =IFERROR(BG42/SUM($AO42:$BG42),"-") -> -
A43: 332 | B43: 332-3 | C43: 2023 | D43: Svanemølleværket | E43: 2100 | F43: København Ø | G43: 101 | H43: 2 | I43: Storkøbenhavns Fjernvarme | J43: 2161 | K43: 27446469 | L43: Ørsted Bioenergy & Thermal Power A/S | M43: 1 | N43: CE | O43: Centralt værk | P43: SMV Kedel 21 | Q43: Kedel | R43: 351100 | S43: 350010 | T43: fvv | U43: 39156 | W43: HO | X43: BOILER | Y43: YES | Z43: NATURAL GAS | AA43: ACTIVE | AB43: HOB_NG | AD43: 141.1 | AE43: 0 | AF43: 128 | AG43: 97.31843 | AH43: 86.25968 | AI43: 86.25968 | AJ43: 0 | AK43: 0 | AL43: 1 | AM43: 0 | AN43: 0 | AU43: 97.31843 | BH43: =IFERROR(AO43/SUM($AO43:$BG43),"-") -> 0 | BI43: =IFERROR(AP43/SUM($AO43:$BG43),"-") -> 0 | BJ43: =IFERROR(AQ43/SUM($AO43:$BG43),"-") -> 0 | BK43: =IFERROR(AR43/SUM($AO43:$BG43),"-") -> 0 | BL43: =IFERROR(AS43/SUM($AO43:$BG43),"-") -> 0 | BM43: =IFERROR(AT43/SUM($AO43:$BG43),"-") -> 0 | BN43: =IFERROR(AU43/SUM($AO43:$BG43),"-") -> 1 | BO43: =IFERROR(AV43/SUM($AO43:$BG43),"-") -> 0 | ... BZ43: =IFERROR(BG43/SUM($AO43:$BG43),"-") -> 0
A44: 430 | B44: 430-3 | C44: 2023 | D44: Roskilde Varme A/S, Hovedcentralen | E44: 4000 | F44: Roskilde | G44: 265 | H44: 2 | I44: Storkøbenhavns Fjernvarme | J44: 2111 | K44: 32837425 | L44: FORS Varme Roskilde A/S | M44: 1 | N44: FJ | O44: Fjernvarmeværk | P44: Kedel 3 | Q44: Kedel | R44: 353000 | S44: 350030 | T44: fvv | U44: 36526 | W44: HO | X44: BOILER | Y44: YES | Z44: GAS OIL | AA44: ACTIVE | AB44: HOB_GO | AD44: 22.6 | AE44: 0 | AF44: 21.5 | AG44: 1.3587556 | AH44: 0.718 | AI44: 0.718 | AJ44: 0 | AK44: 0 | AL44: 1 | AM44: 0 | AN44: 0 | AR44: 1.3587556 | BH44: =IFERROR(AO44/SUM($AO44:$BG44),"-") -> 0 | BI44: =IFERROR(AP44/SUM($AO44:$BG44),"-") -> 0 | BJ44: =IFERROR(AQ44/SUM($AO44:$BG44),"-") -> 0 | BK44: =IFERROR(AR44/SUM($AO44:$BG44),"-") -> 1 | BL44: =IFERROR(AS44/SUM($AO44:$BG44),"-") -> 0 | BM44: =IFERROR(AT44/SUM($AO44:$BG44),"-") -> 0 | BN44: =IFERROR(AU44/SUM($AO44:$BG44),"-") -> 0 | BO44: =IFERROR(AV44/SUM($AO44:$BG44),"-") -> 0 | ... BZ44: =IFERROR(BG44/SUM($AO44:$BG44),"-") -> 0
A45: 430 | B45: 430-1 | C45: 2023 | D45: Roskilde Varme A/S, Hovedcentralen | E45: 4000 | F45: Roskilde | G45: 265 | H45: 2 | I45: Storkøbenhavns Fjernvarme | J45: 2111 | K45: 32837425 | L45: FORS Varme Roskilde A/S | M45: 1 | N45: FJ | O45: Fjernvarmeværk | P45: Kedel 1 | Q45: Kedel | R45: 353000 | S45: 350030 | T45: fvv | U45: 25569 | W45: HO | X45: BOILER | Y45: YES | Z45: NATURAL GAS | AA45: ACTIVE | AB45: HOB_NG | AD45: 28 | AE45: 0 | AF45: 28 | AG45: 19.184854 | AH45: 9.484 | AI45: 9.484 | AJ45: 0 | AK45: 0 | AL45: 1 | AM45: 0 | AN45: 0 | AU45: 19.184854 | BH45: =IFERROR(AO45/SUM($AO45:$BG45),"-") -> 0 | BI45: =IFERROR(AP45/SUM($AO45:$BG45),"-") -> 0 | BJ45: =IFERROR(AQ45/SUM($AO45:$BG45),"-") -> 0 | BK45: =IFERROR(AR45/SUM($AO45:$BG45),"-") -> 0 | BL45: =IFERROR(AS45/SUM($AO45:$BG45),"-") -> 0 | BM45: =IFERROR(AT45/SUM($AO45:$BG45),"-") -> 0 | BN45: =IFERROR(AU45/SUM($AO45:$BG45),"-") -> 1 | BO45: =IFERROR(AV45/SUM($AO45:$BG45),"-") -> 0 | ... BZ45: =IFERROR(BG45/SUM($AO45:$BG45),"-") -> 0
A46: 432 | B46: 432-2 | C46: 2023 | D46: Roskilde Varme A/S, Central Lillevang | E46: 4000 | F46: Roskilde | G46: 265 | H46: 2 | I46: Storkøbenhavns Fjernvarme | J46: 2111 | K46: 32837425 | L46: FORS Varme Roskilde A/S | M46: 1 | N46: FJ | O46: Fjernvarmeværk | P46: CKA Kedel 2 | Q46: Kedel | R46: 353000 | S46: 350030 | T46: fvv | U46: 36161 | W46: HO | X46: BOILER | Y46: YES | Z46: GAS OIL | AA46: ACTIVE | AB46: HOB_GO | AD46: 21.6 | AE46: 0 | AF46: 20.5 | AG46: 0.046631 | AH46: 0.041 | AI46: 0.041 | AJ46: 0 | AK46: 0 | AL46: 1 | AM46: 0 | AN46: 0 | AR46: 0.046631 | BH46: =IFERROR(AO46/SUM($AO46:$BG46),"-") -> 0 | BI46: =IFERROR(AP46/SUM($AO46:$BG46),"-") -> 0 | BJ46: =IFERROR(AQ46/SUM($AO46:$BG46),"-") -> 0 | BK46: =IFERROR(AR46/SUM($AO46:$BG46),"-") -> 1 | BL46: =IFERROR(AS46/SUM($AO46:$BG46),"-") -> 0 | BM46: =IFERROR(AT46/SUM($AO46:$BG46),"-") -> 0 | BN46: =IFERROR(AU46/SUM($AO46:$BG46),"-") -> 0 | BO46: =IFERROR(AV46/SUM($AO46:$BG46),"-") -> 0 | ... BZ46: =IFERROR(BG46/SUM($AO46:$BG46),"-") -> 0
A47: 432 | B47: 432-1 | C47: 2023 | D47: Roskilde Varme A/S, Central Lillevang | E47: 4000 | F47: Roskilde | G47: 265 | H47: 2 | I47: Storkøbenhavns Fjernvarme | J47: 2111 | K47: 32837425 | L47: FORS Varme Roskilde A/S | M47: 1 | N47: FJ | O47: Fjernvarmeværk | P47: CKA Kedel 1 | Q47: Kedel | R47: 353000 | S47: 350030 | T47: fvv | U47: 35431 | W47: HO | X47: BOILER | Y47: YES | Z47: GAS OIL | AA47: ACTIVE | AB47: HOB_GO | AD47: 21.6 | AE47: 0 | AF47: 20.5 | AG47: 0.165002 | AH47: 0.16277 | AI47: 0.16277 | AJ47: 0 | AK47: 0 | AL47: 1 | AM47: 0 | AN47: 0 | AR47: 0.165002 | BH47: =IFERROR(AO47/SUM($AO47:$BG47),"-") -> 0 | BI47: =IFERROR(AP47/SUM($AO47:$BG47),"-") -> 0 | BJ47: =IFERROR(AQ47/SUM($AO47:$BG47),"-") -> 0 | BK47: =IFERROR(AR47/SUM($AO47:$BG47),"-") -> 1 | BL47: =IFERROR(AS47/SUM($AO47:$BG47),"-") -> 0 | BM47: =IFERROR(AT47/SUM($AO47:$BG47),"-") -> 0 | BN47: =IFERROR(AU47/SUM($AO47:$BG47),"-") -> 0 | BO47: =IFERROR(AV47/SUM($AO47:$BG47),"-") -> 0 | ... BZ47: =IFERROR(BG47/SUM($AO47:$BG47),"-") -> 0
A48: 646 | B48: 646-1 | C48: 2023 | D48: Høje Gladsaxe Varmecentral | E48: 2860 | F48: Søborg | G48: 159 | H48: 2 | I48: Storkøbenhavns Fjernvarme | J48: 77 | K48: 74132111 | L48: CTR I/S | M48: 1 | N48: FJ | O48: Fjernvarmeværk | P48: HGC C kedel | Q48: Kedel | R48: 353000 | S48: 350030 | T48: fvv | U48: 32509 | W48: HO | X48: BOILER | Y48: YES | Z48: NATURAL GAS | AA48: ACTIVE | AB48: HOB_NG | AD48: 19.6 | AE48: 0 | AF48: 18 | AG48: 32.42998 | AH48: 29.39601 | AI48: 29.39601 | AJ48: 0 | AK48: 0 | AL48: 1 | AM48: 0 | AN48: 0 | AU48: 32.42998 | BH48: =IFERROR(AO48/SUM($AO48:$BG48),"-") -> 0 | BI48: =IFERROR(AP48/SUM($AO48:$BG48),"-") -> 0 | BJ48: =IFERROR(AQ48/SUM($AO48:$BG48),"-") -> 0 | BK48: =IFERROR(AR48/SUM($AO48:$BG48),"-") -> 0 | BL48: =IFERROR(AS48/SUM($AO48:$BG48),"-") -> 0 | BM48: =IFERROR(AT48/SUM($AO48:$BG48),"-") -> 0 | BN48: =IFERROR(AU48/SUM($AO48:$BG48),"-") -> 1 | BO48: =IFERROR(AV48/SUM($AO48:$BG48),"-") -> 0 | ... BZ48: =IFERROR(BG48/SUM($AO48:$BG48),"-") -> 0
A49: 646 | B49: 646-3 | C49: 2023 | D49: Høje Gladsaxe Varmecentral | E49: 2860 | F49: Søborg | G49: 159 | H49: 2 | I49: Storkøbenhavns Fjernvarme | J49: 77 | K49: 74132111 | L49: CTR I/S | M49: 1 | N49: FJ | O49: Fjernvarmeværk | P49: HGC 1 (A) kedel | Q49: Kedel | R49: 353000 | S49: 350030 | T49: fvv | U49: 32509 | W49: HO | X49: BOILER | Y49: YES | Z49: NATURAL GAS | AA49: ACTIVE | AB49: HOB_NG | AD49: 19.6 | AE49: 0 | AF49: 18 | AG49: 29.460495 | AH49: 26.70433 | AI49: 26.70433 | AJ49: 0 | AK49: 0 | AL49: 1 | AM49: 0 | AN49: 0 | AU49: 29.460495 | BH49: =IFERROR(AO49/SUM($AO49:$BG49),"-") -> 0 | BI49: =IFERROR(AP49/SUM($AO49:$BG49),"-") -> 0 | BJ49: =IFERROR(AQ49/SUM($AO49:$BG49),"-") -> 0 | BK49: =IFERROR(AR49/SUM($AO49:$BG49),"-") -> 0 | BL49: =IFERROR(AS49/SUM($AO49:$BG49),"-") -> 0 | BM49: =IFERROR(AT49/SUM($AO49:$BG49),"-") -> 0 | BN49: =IFERROR(AU49/SUM($AO49:$BG49),"-") -> 1 | BO49: =IFERROR(AV49/SUM($AO49:$BG49),"-") -> 0 | ... BZ49: =IFERROR(BG49/SUM($AO49:$BG49),"-") -> 0
A50: 646 | B50: 646-4 | C50: 2023 | D50: Høje Gladsaxe Varmecentral | E50: 2860 | F50: Søborg | G50: 159 | H50: 2 | I50: Storkøbenhavns Fjernvarme | J50: 77 | K50: 74132111 | L50: CTR I/S | M50: 1 | N50: FJ | O50: Fjernvarmeværk | P50: HGC 2 (B) kedel | Q50: Kedel | R50: 353000 | S50: 350030 | T50: fvv | U50: 32509 | W50: HO | X50: BOILER | Y50: YES | Z50: NATURAL GAS | AA50: ACTIVE | AB50: HOB_NG | AD50: 19.6 | AE50: 0 | AF50: 18 | AG50: 22.967613 | AH50: 20.81889 | AI50: 20.81889 | AJ50: 0 | AK50: 0 | AL50: 1 | AM50: 0 | AN50: 0 | AU50: 22.967613 | BH50: =IFERROR(AO50/SUM($AO50:$BG50),"-") -> 0 | BI50: =IFERROR(AP50/SUM($AO50:$BG50),"-") -> 0 | BJ50: =IFERROR(AQ50/SUM($AO50:$BG50),"-") -> 0 | BK50: =IFERROR(AR50/SUM($AO50:$BG50),"-") -> 0 | BL50: =IFERROR(AS50/SUM($AO50:$BG50),"-") -> 0 | BM50: =IFERROR(AT50/SUM($AO50:$BG50),"-") -> 0 | BN50: =IFERROR(AU50/SUM($AO50:$BG50),"-") -> 1 | BO50: =IFERROR(AV50/SUM($AO50:$BG50),"-") -> 0 | ... BZ50: =IFERROR(BG50/SUM($AO50:$BG50),"-") -> 0
A51: 670 | B51: 670-3 | C51: 2023 | D51: Damagercentralen | E51: 2670 | F51: Greve | G51: 253 | H51: 2 | I51: Storkøbenhavns Fjernvarme | J51: 2167 | K51: 33912773 | L51: Greve Fjernvarme A.m.b.a. | N51: FJ | O51: Fjernvarmeværk | P51: Kedel 2 | Q51: Kedel | R51: 353000 | S51: 350030 | T51: fvv | U51: 29221 | W51: HO | X51: BOILER | Y51: NO | Z51: NATURAL GAS | AA51: ACTIVE | AB51: HOB_NG_NOETS | AD51: 6.45 | AE51: 0 | AF51: 5.83 | AG51: 1.870506 | AH51: 1.60308 | AI51: 1.60308 | AJ51: 0 | AK51: 0 | AL51: 1 | AM51: 0 | AN51: 0 | AU51: 1.870506 | BH51: =IFERROR(AO51/SUM($AO51:$BG51),"-") -> 0 | BI51: =IFERROR(AP51/SUM($AO51:$BG51),"-") -> 0 | BJ51: =IFERROR(AQ51/SUM($AO51:$BG51),"-") -> 0 | BK51: =IFERROR(AR51/SUM($AO51:$BG51),"-") -> 0 | BL51: =IFERROR(AS51/SUM($AO51:$BG51),"-") -> 0 | BM51: =IFERROR(AT51/SUM($AO51:$BG51),"-") -> 0 | BN51: =IFERROR(AU51/SUM($AO51:$BG51),"-") -> 1 | BO51: =IFERROR(AV51/SUM($AO51:$BG51),"-") -> 0 | ... BZ51: =IFERROR(BG51/SUM($AO51:$BG51),"-") -> 0
A52: 670 | B52: 670-2 | C52: 2023 | D52: Damagercentralen | E52: 2670 | F52: Greve | G52: 253 | H52: 2 | I52: Storkøbenhavns Fjernvarme | J52: 2167 | K52: 33912773 | L52: Greve Fjernvarme A.m.b.a. | N52: FJ | O52: Fjernvarmeværk | P52: Kedel 1 | Q52: Kedel | R52: 353000 | S52: 350030 | T52: fvv | U52: 29221 | W52: HO | X52: BOILER | Y52: NO | Z52: NATURAL GAS | AA52: ACTIVE | AB52: HOB_NG_NOETS | AD52: 4.4 | AE52: 0 | AF52: 3.67 | AG52: 0.131274 | AH52: 0.11808 | AI52: 0.11808 | AJ52: 0 | AK52: 0 | AL52: 1 | AM52: 0 | AN52: 0 | AU52: 0.131274 | BH52: =IFERROR(AO52/SUM($AO52:$BG52),"-") -> 0 | BI52: =IFERROR(AP52/SUM($AO52:$BG52),"-") -> 0 | BJ52: =IFERROR(AQ52/SUM($AO52:$BG52),"-") -> 0 | BK52: =IFERROR(AR52/SUM($AO52:$BG52),"-") -> 0 | BL52: =IFERROR(AS52/SUM($AO52:$BG52),"-") -> 0 | BM52: =IFERROR(AT52/SUM($AO52:$BG52),"-") -> 0 | BN52: =IFERROR(AU52/SUM($AO52:$BG52),"-") -> 1 | BO52: =IFERROR(AV52/SUM($AO52:$BG52),"-") -> 0 | ... BZ52: =IFERROR(BG52/SUM($AO52:$BG52),"-") -> 0
A53: 670 | B53: 670-4 | C53: 2023 | D53: Damagercentralen | E53: 2670 | F53: Greve | G53: 253 | H53: 2 | I53: Storkøbenhavns Fjernvarme | J53: 2167 | K53: 33912773 | L53: Greve Fjernvarme A.m.b.a. | N53: FJ | O53: Fjernvarmeværk | P53: Kedel 3 | Q53: Kedel | R53: 353000 | S53: 350030 | T53: fvv | U53: 31199 | W53: HO | X53: BOILER | Y53: NO | Z53: NATURAL GAS | AA53: ACTIVE | AB53: HOB_NG_NOETS | AD53: 8.4 | AE53: 0 | AF53: 7.32 | AG53: 4.3683948 | AH53: 3.54096 | AI53: 3.54096 | AJ53: 0 | AK53: 0 | AL53: 1 | AM53: 0 | AN53: 0 | AU53: 4.3683948 | BH53: =IFERROR(AO53/SUM($AO53:$BG53),"-") -> 0 | BI53: =IFERROR(AP53/SUM($AO53:$BG53),"-") -> 0 | BJ53: =IFERROR(AQ53/SUM($AO53:$BG53),"-") -> 0 | BK53: =IFERROR(AR53/SUM($AO53:$BG53),"-") -> 0 | BL53: =IFERROR(AS53/SUM($AO53:$BG53),"-") -> 0 | BM53: =IFERROR(AT53/SUM($AO53:$BG53),"-") -> 0 | BN53: =IFERROR(AU53/SUM($AO53:$BG53),"-") -> 1 | BO53: =IFERROR(AV53/SUM($AO53:$BG53),"-") -> 0 | ... BZ53: =IFERROR(BG53/SUM($AO53:$BG53),"-") -> 0
A54: 673 | B54: 673-3 | C54: 2023 | D54: Hundige Fjernvarmeværk | E54: 2670 | F54: Greve | G54: 253 | H54: 2 | I54: Storkøbenhavns Fjernvarme | J54: 2167 | K54: 33912773 | L54: Greve Fjernvarme A.m.b.a. | M54: 1 | N54: FJ | O54: Fjernvarmeværk | P54: Kedel 3 | Q54: Kedel | R54: 353000 | S54: 350030 | T54: fvv | U54: 27030 | W54: HO | X54: BOILER | Y54: YES | Z54: GAS OIL | AA54: ACTIVE | AB54: HOB_GO | AD54: 6.337 | AE54: 0 | AF54: 5.83 | AG54: 0.125545 | AH54: 0.11 | AI54: 0.11 | AJ54: 0 | AK54: 0 | AL54: 1 | AM54: 0 | AN54: 0 | AR54: 0.125545 | BH54: =IFERROR(AO54/SUM($AO54:$BG54),"-") -> 0 | BI54: =IFERROR(AP54/SUM($AO54:$BG54),"-") -> 0 | BJ54: =IFERROR(AQ54/SUM($AO54:$BG54),"-") -> 0 | BK54: =IFERROR(AR54/SUM($AO54:$BG54),"-") -> 1 | BL54: =IFERROR(AS54/SUM($AO54:$BG54),"-") -> 0 | BM54: =IFERROR(AT54/SUM($AO54:$BG54),"-") -> 0 | BN54: =IFERROR(AU54/SUM($AO54:$BG54),"-") -> 0 | BO54: =IFERROR(AV54/SUM($AO54:$BG54),"-") -> 0 | ... BZ54: =IFERROR(BG54/SUM($AO54:$BG54),"-") -> 0
A55: 673 | B55: 673-1 | C55: 2023 | D55: Hundige Fjernvarmeværk | E55: 2670 | F55: Greve | G55: 253 | H55: 2 | I55: Storkøbenhavns Fjernvarme | J55: 2167 | K55: 33912773 | L55: Greve Fjernvarme A.m.b.a. | M55: 1 | N55: FJ | O55: Fjernvarmeværk | P55: Kedel 1 | Q55: Kedel | R55: 353000 | S55: 350030 | T55: fvv | U55: 26299 | W55: HO | X55: BOILER | Y55: YES | Z55: GAS OIL | AA55: ACTIVE | AB55: HOB_GO | AD55: 10.109 | AE55: 0 | AF55: 9.3 | AG55: 0.426853 | AH55: 0.396 | AI55: 0.396 | AJ55: 0 | AK55: 0 | AL55: 1 | AM55: 0 | AN55: 0 | AR55: 0.426853 | BH55: =IFERROR(AO55/SUM($AO55:$BG55),"-") -> 0 | BI55: =IFERROR(AP55/SUM($AO55:$BG55),"-") -> 0 | BJ55: =IFERROR(AQ55/SUM($AO55:$BG55),"-") -> 0 | BK55: =IFERROR(AR55/SUM($AO55:$BG55),"-") -> 1 | BL55: =IFERROR(AS55/SUM($AO55:$BG55),"-") -> 0 | BM55: =IFERROR(AT55/SUM($AO55:$BG55),"-") -> 0 | BN55: =IFERROR(AU55/SUM($AO55:$BG55),"-") -> 0 | BO55: =IFERROR(AV55/SUM($AO55:$BG55),"-") -> 0 | ... BZ55: =IFERROR(BG55/SUM($AO55:$BG55),"-") -> 0
A56: 673 | B56: 673-4 | C56: 2023 | D56: Hundige Fjernvarmeværk | E56: 2670 | F56: Greve | G56: 253 | H56: 2 | I56: Storkøbenhavns Fjernvarme | J56: 2167 | K56: 33912773 | L56: Greve Fjernvarme A.m.b.a. | M56: 1 | N56: FJ | O56: Fjernvarmeværk | P56: Kedel 4 | Q56: Kedel | R56: 353000 | S56: 350030 | T56: fvv | U56: 27760 | W56: HO | X56: BOILER | Y56: YES | Z56: GAS OIL | AA56: ACTIVE | AB56: HOB_GO | AD56: 20.217 | AE56: 0 | AF56: 18.6 | AG56: 0.541637 | AH56: 0.497 | AI56: 0.497 | AJ56: 0 | AK56: 0 | AL56: 1 | AM56: 0 | AN56: 0 | AR56: 0.541637 | BH56: =IFERROR(AO56/SUM($AO56:$BG56),"-") -> 0 | BI56: =IFERROR(AP56/SUM($AO56:$BG56),"-") -> 0 | BJ56: =IFERROR(AQ56/SUM($AO56:$BG56),"-") -> 0 | BK56: =IFERROR(AR56/SUM($AO56:$BG56),"-") -> 1 | BL56: =IFERROR(AS56/SUM($AO56:$BG56),"-") -> 0 | BM56: =IFERROR(AT56/SUM($AO56:$BG56),"-") -> 0 | BN56: =IFERROR(AU56/SUM($AO56:$BG56),"-") -> 0 | BO56: =IFERROR(AV56/SUM($AO56:$BG56),"-") -> 0 | ... BZ56: =IFERROR(BG56/SUM($AO56:$BG56),"-") -> 0
A57: 736 | B57: 736-3 | C57: 2023 | D57: Køge Kraftvarmeværk | E57: 4600 | F57: Køge | G57: 259 | H57: 2 | I57: Storkøbenhavns Fjernvarme | J57: 481 | K57: 69330428 | L57: VESTEGNENS KRAFTVARMESELSKAB I/S | M57: 1 | N57: DC | O57: Decentralt værk | P57: KKV 8 | Q57: Dampturbine | R57: 353000 | S57: 350030 | T57: kvt | U57: 35796 | W57: CHP | X57: STEAM_TURBINE | Y57: YES | Z57: WOOD CHIPS | AA57: ACTIVE | AB57: KKV8 | AD57: 56.2 | AE57: 15 | AF57: 53 | AG57: 1310.5971 | AH57: 1183.521 | AI57: 1183.521 | AJ57: 116.1216 | AK57: 95.8356 | AL57: 0.72243163 | AM57: 0.27756837 | AN57: 0 | AR57: 0.014348 | AY57: 1256.5584 | AZ57: 54.0086 | BA57: 0.01575 | BH57: =IFERROR(AO57/SUM($AO57:$BG57),"-") -> 0 | BI57: =IFERROR(AP57/SUM($AO57:$BG57),"-") -> 0 | BJ57: =IFERROR(AQ57/SUM($AO57:$BG57),"-") -> 0 | BK57: =IFERROR(AR57/SUM($AO57:$BG57),"-") -> 1.0947682e-05 | BL57: =IFERROR(AS57/SUM($AO57:$BG57),"-") -> 0 | BM57: =IFERROR(AT57/SUM($AO57:$BG57),"-") -> 0 | BN57: =IFERROR(AU57/SUM($AO57:$BG57),"-") -> 0 | BO57: =IFERROR(AV57/SUM($AO57:$BG57),"-") -> 0 | ... BZ57: =IFERROR(BG57/SUM($AO57:$BG57),"-") -> 0
A58: 760 | B58: 760-8 | C58: 2023 | D58: CP Kelco ApS | E58: 4623 | F58: Lille Skensved | G58: 259 | H58: 2 | I58: Storkøbenhavns Fjernvarme | J58: 928 | K58: 21210285 | L58: CP KELCO ApS | M58: 1 | N58: ER | O58: Erhvervsværk | P58: Overskudsvarme | Q58: Varmepumpe Overskudsvarme | R58: 205900 | S58: 200020 | T58: pvp | U58: 43313 | W58: HO | X58: HEATPUMP | Y58: YES | Z58: ELECTRICITY | AA58: ACTIVE | AB58: HP_PROCESS | AD58: 7 | AE58: 0 | AF58: 7 | AG58: 85.008 | AH58: 82.46 | AI58: 79.91 | AJ58: 0 | AK58: 0 | AL58: 0.96907592 | AM58: 0 | AN58: 0.030924084 | BC58: 82.458 | BF58: 2.55 | BH58: =IFERROR(AO58/SUM($AO58:$BG58),"-") -> 0 | BI58: =IFERROR(AP58/SUM($AO58:$BG58),"-") -> 0 | BJ58: =IFERROR(AQ58/SUM($AO58:$BG58),"-") -> 0 | BK58: =IFERROR(AR58/SUM($AO58:$BG58),"-") -> 0 | BL58: =IFERROR(AS58/SUM($AO58:$BG58),"-") -> 0 | BM58: =IFERROR(AT58/SUM($AO58:$BG58),"-") -> 0 | BN58: =IFERROR(AU58/SUM($AO58:$BG58),"-") -> 0 | BO58: =IFERROR(AV58/SUM($AO58:$BG58),"-") -> 0 | ... BZ58: =IFERROR(BG58/SUM($AO58:$BG58),"-") -> 0
A59: 808 | B59: 808-5 | C59: 2023 | D59: Spildevandscenter Avedøre | E59: 2650 | F59: Hvidovre | G59: 167 | H59: 2 | I59: Storkøbenhavns Fjernvarme | J59: 2217 | K59: 25607996 | L59: BIOFOS SPILDEVANDSCENTER AVEDØRE A/S | N59: LO | O59: Lokalt værk | P59: Motor 3 | Q59: Forbrændingsmotor | R59: 370000 | S59: 370000 | T59: pev | U59: 38869 | W59: CHP | X59: COMBUSTION_ENGINE | Y59: NO | Z59: BIOGAS | AA59: ACTIVE | AB59: - | AC59: removed, small capacity | AD59: 2.41 | AE59: 1.06 | AF59: 1.35 | AG59: 23.188968 | AH59: 11.221 | AI59: 11.221 | AJ59: 8.856 | AK59: 8.856 | AL59: 0.38711511 | AM59: 0.61288489 | AN59: 0 | AW59: 23.188968 | BH59: =IFERROR(AO59/SUM($AO59:$BG59),"-") -> 0 | BI59: =IFERROR(AP59/SUM($AO59:$BG59),"-") -> 0 | BJ59: =IFERROR(AQ59/SUM($AO59:$BG59),"-") -> 0 | BK59: =IFERROR(AR59/SUM($AO59:$BG59),"-") -> 0 | BL59: =IFERROR(AS59/SUM($AO59:$BG59),"-") -> 0 | BM59: =IFERROR(AT59/SUM($AO59:$BG59),"-") -> 0 | BN59: =IFERROR(AU59/SUM($AO59:$BG59),"-") -> 0 | BO59: =IFERROR(AV59/SUM($AO59:$BG59),"-") -> 0 | ... BZ59: =IFERROR(BG59/SUM($AO59:$BG59),"-") -> 0
A60: 963 | B60: 963-2 | C60: 2023 | D60: Roskilde Varmeforsyning | E60: 4000 | F60: Roskilde | G60: 265 | H60: 2 | I60: Storkøbenhavns Fjernvarme | J60: 2111 | K60: 32837425 | L60: FORS Varme Roskilde A/S | N60: FJ | O60: Fjernvarmeværk | P60: Ibsgården Varmecentral | Q60: Kedel | R60: 353000 | S60: 350030 | T60: fvv | U60: 39052 | W60: HO | X60: BOILER | Y60: NO | Z60: GAS OIL | AA60: ACTIVE | AB60: HOB_GO_NOETS | AD60: 9.2 | AE60: 0 | AF60: 8.7 | AG60: 0.07174 | AH60: 0.057 | AI60: 0.057 | AJ60: 0 | AK60: 0 | AL60: 1 | AM60: 0 | AN60: 0 | AR60: 0.07174 | BH60: =IFERROR(AO60/SUM($AO60:$BG60),"-") -> 0 | BI60: =IFERROR(AP60/SUM($AO60:$BG60),"-") -> 0 | BJ60: =IFERROR(AQ60/SUM($AO60:$BG60),"-") -> 0 | BK60: =IFERROR(AR60/SUM($AO60:$BG60),"-") -> 1 | BL60: =IFERROR(AS60/SUM($AO60:$BG60),"-") -> 0 | BM60: =IFERROR(AT60/SUM($AO60:$BG60),"-") -> 0 | BN60: =IFERROR(AU60/SUM($AO60:$BG60),"-") -> 0 | BO60: =IFERROR(AV60/SUM($AO60:$BG60),"-") -> 0 | ... BZ60: =IFERROR(BG60/SUM($AO60:$BG60),"-") -> 0
A61: 970 | B61: 970-4 | C61: 2023 | D61: VEKS - Solrød Kedelcentral | E61: 2680 | F61: Solrød Strand | G61: 269 | H61: 2 | I61: Storkøbenhavns Fjernvarme | J61: 481 | K61: 69330428 | L61: VESTEGNENS KRAFTVARMESELSKAB I/S | M61: 1 | N61: DC | O61: Decentralt værk | P61: Jenbacher gasmotor | Q61: Forbrændingsmotor | R61: 353000 | S61: 350030 | T61: kvt | U61: 42339 | W61: CHP | X61: COMBUSTION_ENGINE | Y61: YES | Z61: BIOGAS | AA61: ACTIVE | AB61: - | AC61: removed, small capacity | AD61: 7.049 | AE61: 3.047 | AF61: 3.686 | AG61: 92.774545 | AH61: 40.63 | AI61: 40.23 | AJ61: 35.8056 | AK61: 35.8056 | AL61: 0.35035472 | AM61: 0.64964528 | AN61: 0 | AW61: 92.774545 | BH61: =IFERROR(AO61/SUM($AO61:$BG61),"-") -> 0 | BI61: =IFERROR(AP61/SUM($AO61:$BG61),"-") -> 0 | BJ61: =IFERROR(AQ61/SUM($AO61:$BG61),"-") -> 0 | BK61: =IFERROR(AR61/SUM($AO61:$BG61),"-") -> 0 | BL61: =IFERROR(AS61/SUM($AO61:$BG61),"-") -> 0 | BM61: =IFERROR(AT61/SUM($AO61:$BG61),"-") -> 0 | BN61: =IFERROR(AU61/SUM($AO61:$BG61),"-") -> 0 | BO61: =IFERROR(AV61/SUM($AO61:$BG61),"-") -> 0 | ... BZ61: =IFERROR(BG61/SUM($AO61:$BG61),"-") -> 0
A62: 970 | B62: 970-2 | C62: 2023 | D62: VEKS - Solrød Kedelcentral | E62: 2680 | F62: Solrød Strand | G62: 269 | H62: 2 | I62: Storkøbenhavns Fjernvarme | J62: 481 | K62: 69330428 | L62: VESTEGNENS KRAFTVARMESELSKAB I/S | M62: 1 | N62: DC | O62: Decentralt værk | P62: Kedel 1 Loos/Zantingh | Q62: Kedel | R62: 353000 | S62: 350030 | T62: fvv | U62: 36039 | W62: HO | X62: BOILER | Y62: YES | Z62: BIOGAS | AA62: ACTIVE | AB62: HOB_BG | AD62: 13.3 | AE62: 0 | AF62: 12 | AG62: 34.914546 | AH62: 32.191 | AI62: 32.191 | AJ62: 0 | AK62: 0 | AL62: 1 | AM62: 0 | AN62: 0 | AR62: 0.416092 | AW62: 34.498454 | BH62: =IFERROR(AO62/SUM($AO62:$BG62),"-") -> 0 | BI62: =IFERROR(AP62/SUM($AO62:$BG62),"-") -> 0 | BJ62: =IFERROR(AQ62/SUM($AO62:$BG62),"-") -> 0 | BK62: =IFERROR(AR62/SUM($AO62:$BG62),"-") -> 0.01191744 | BL62: =IFERROR(AS62/SUM($AO62:$BG62),"-") -> 0 | BM62: =IFERROR(AT62/SUM($AO62:$BG62),"-") -> 0 | BN62: =IFERROR(AU62/SUM($AO62:$BG62),"-") -> 0 | BO62: =IFERROR(AV62/SUM($AO62:$BG62),"-") -> 0 | ... BZ62: =IFERROR(BG62/SUM($AO62:$BG62),"-") -> 0
A63: 970 | B63: 970-3 | C63: 2023 | D63: VEKS - Solrød Kedelcentral | E63: 2680 | F63: Solrød Strand | G63: 269 | H63: 2 | I63: Storkøbenhavns Fjernvarme | J63: 481 | K63: 69330428 | L63: VESTEGNENS KRAFTVARMESELSKAB I/S | M63: 1 | N63: DC | O63: Decentralt værk | P63: Kedel 2 Loos/Ray | Q63: Kedel | R63: 353000 | S63: 350030 | T63: fvv | U63: 36039 | W63: HO | X63: BOILER | Y63: YES | Z63: UNKNOWN | AA63: INOPERATIVE | AB63: - | AC63: inoperative, unknown fuel | AD63: 12 | AE63: 0 | AF63: 12 | AG63: 0 | AH63: 0 | AI63: 0 | AJ63: 0 | AK63: 0 | AL63: 1 | AM63: 0 | AN63: 0 | AR63: 0 | AT63: 0 | BH63: =IFERROR(AO63/SUM($AO63:$BG63),"-") -> - | BI63: =IFERROR(AP63/SUM($AO63:$BG63),"-") -> - | BJ63: =IFERROR(AQ63/SUM($AO63:$BG63),"-") -> - | BK63: =IFERROR(AR63/SUM($AO63:$BG63),"-") -> - | BL63: =IFERROR(AS63/SUM($AO63:$BG63),"-") -> - | BM63: =IFERROR(AT63/SUM($AO63:$BG63),"-") -> - | BN63: =IFERROR(AU63/SUM($AO63:$BG63),"-") -> - | BO63: =IFERROR(AV63/SUM($AO63:$BG63),"-") -> - | ... BZ63: =IFERROR(BG63/SUM($AO63:$BG63),"-") -> -
A64: 992 | B64: 992-4 | C64: 2023 | D64: HOFOR - Lygten Varmecentral | E64: 2400 | F64: København NV | G64: 101 | H64: 2 | I64: Storkøbenhavns Fjernvarme | J64: 1760 | K64: 26089263 | L64: HOFOR FJERNVARME P/S | M64: 1 | N64: FJ | O64: Fjernvarmeværk | P64: Kedel 1 | Q64: Kedel | R64: 353000 | S64: 350030 | T64: fvv | U64: 43381 | W64: HO | X64: BOILER | Y64: YES | Z64: NATURAL GAS | AA64: ACTIVE | AB64: HOB_NG | AD64: 23.8 | AE64: 0 | AF64: 24.3 | AG64: 70.832665 | AH64: 70.972 | AI64: 70.972 | AJ64: 0 | AK64: 0 | AL64: 1 | AM64: 0 | AN64: 0 | AR64: 0.13074615 | AU64: 70.701919 | BH64: =IFERROR(AO64/SUM($AO64:$BG64),"-") -> 0 | BI64: =IFERROR(AP64/SUM($AO64:$BG64),"-") -> 0 | BJ64: =IFERROR(AQ64/SUM($AO64:$BG64),"-") -> 0 | BK64: =IFERROR(AR64/SUM($AO64:$BG64),"-") -> 0.0018458454 | BL64: =IFERROR(AS64/SUM($AO64:$BG64),"-") -> 0 | BM64: =IFERROR(AT64/SUM($AO64:$BG64),"-") -> 0 | BN64: =IFERROR(AU64/SUM($AO64:$BG64),"-") -> 0.99815415 | BO64: =IFERROR(AV64/SUM($AO64:$BG64),"-") -> 0 | ... BZ64: =IFERROR(BG64/SUM($AO64:$BG64),"-") -> 0
A65: 992 | B65: 992-6 | C65: 2023 | D65: HOFOR - Lygten Varmecentral | E65: 2400 | F65: København NV | G65: 101 | H65: 2 | I65: Storkøbenhavns Fjernvarme | J65: 1760 | K65: 26089263 | L65: HOFOR FJERNVARME P/S | M65: 1 | N65: FJ | O65: Fjernvarmeværk | P65: Kedel 3 | Q65: Kedel | R65: 353000 | S65: 350030 | T65: fvv | U65: 43375 | W65: HO | X65: BOILER | Y65: YES | Z65: NATURAL GAS | AA65: ACTIVE | AB65: HOB_NG | AD65: 23.8 | AE65: 0 | AF65: 24.3 | AG65: 89.072261 | AH65: 90.426 | AI65: 90.426 | AJ65: 0 | AK65: 0 | AL65: 1 | AM65: 0 | AN65: 0 | AR65: 0.2256223 | AU65: 88.846639 | BH65: =IFERROR(AO65/SUM($AO65:$BG65),"-") -> 0 | BI65: =IFERROR(AP65/SUM($AO65:$BG65),"-") -> 0 | BJ65: =IFERROR(AQ65/SUM($AO65:$BG65),"-") -> 0 | BK65: =IFERROR(AR65/SUM($AO65:$BG65),"-") -> 0.0025330254 | BL65: =IFERROR(AS65/SUM($AO65:$BG65),"-") -> 0 | BM65: =IFERROR(AT65/SUM($AO65:$BG65),"-") -> 0 | BN65: =IFERROR(AU65/SUM($AO65:$BG65),"-") -> 0.99746697 | BO65: =IFERROR(AV65/SUM($AO65:$BG65),"-") -> 0 | ... BZ65: =IFERROR(BG65/SUM($AO65:$BG65),"-") -> 0
A66: 992 | B66: 992-5 | C66: 2023 | D66: HOFOR - Lygten Varmecentral | E66: 2400 | F66: København NV | G66: 101 | H66: 2 | I66: Storkøbenhavns Fjernvarme | J66: 1760 | K66: 26089263 | L66: HOFOR FJERNVARME P/S | M66: 1 | N66: FJ | O66: Fjernvarmeværk | P66: Kedel 2 | Q66: Kedel | R66: 353000 | S66: 350030 | T66: fvv | U66: 43381 | W66: HO | X66: BOILER | Y66: YES | Z66: NATURAL GAS | AA66: ACTIVE | AB66: HOB_NG | AD66: 23.8 | AE66: 0 | AF66: 24.3 | AG66: 80.556568 | AH66: 81.202 | AI66: 81.202 | AJ66: 0 | AK66: 0 | AL66: 1 | AM66: 0 | AN66: 0 | AR66: 0.15660842 | AU66: 80.399959 | BH66: =IFERROR(AO66/SUM($AO66:$BG66),"-") -> 0 | BI66: =IFERROR(AP66/SUM($AO66:$BG66),"-") -> 0 | BJ66: =IFERROR(AQ66/SUM($AO66:$BG66),"-") -> 0 | BK66: =IFERROR(AR66/SUM($AO66:$BG66),"-") -> 0.0019440801 | BL66: =IFERROR(AS66/SUM($AO66:$BG66),"-") -> 0 | BM66: =IFERROR(AT66/SUM($AO66:$BG66),"-") -> 0 | BN66: =IFERROR(AU66/SUM($AO66:$BG66),"-") -> 0.99805592 | BO66: =IFERROR(AV66/SUM($AO66:$BG66),"-") -> 0 | ... BZ66: =IFERROR(BG66/SUM($AO66:$BG66),"-") -> 0
A67: 992 | B67: 992-7 | C67: 2023 | D67: HOFOR - Lygten Varmecentral | E67: 2400 | F67: København NV | G67: 101 | H67: 2 | I67: Storkøbenhavns Fjernvarme | J67: 1760 | K67: 26089263 | L67: HOFOR FJERNVARME P/S | M67: 1 | N67: FJ | O67: Fjernvarmeværk | P67: Kedel 4 | Q67: Kedel | R67: 353000 | S67: 350030 | T67: fvv | U67: 43375 | W67: HO | X67: BOILER | Y67: YES | Z67: NATURAL GAS | AA67: ACTIVE | AB67: HOB_NG | AD67: 23.8 | AE67: 0 | AF67: 24.3 | AG67: 73.042453 | AH67: 73.271 | AI67: 73.271 | AJ67: 0 | AK67: 0 | AL67: 1 | AM67: 0 | AN67: 0 | AR67: 0.150654 | AU67: 72.891799 | BH67: =IFERROR(AO67/SUM($AO67:$BG67),"-") -> 0 | BI67: =IFERROR(AP67/SUM($AO67:$BG67),"-") -> 0 | BJ67: =IFERROR(AQ67/SUM($AO67:$BG67),"-") -> 0 | BK67: =IFERROR(AR67/SUM($AO67:$BG67),"-") -> 0.0020625539 | BL67: =IFERROR(AS67/SUM($AO67:$BG67),"-") -> 0 | BM67: =IFERROR(AT67/SUM($AO67:$BG67),"-") -> 0 | BN67: =IFERROR(AU67/SUM($AO67:$BG67),"-") -> 0.99793745 | BO67: =IFERROR(AV67/SUM($AO67:$BG67),"-") -> 0 | ... BZ67: =IFERROR(BG67/SUM($AO67:$BG67),"-") -> 0
A68: 994 | B68: 994-1 | C68: 2023 | D68: HOFOR - Østre varmecentral | E68: 2100 | F68: København Ø | G68: 101 | H68: 2 | I68: Storkøbenhavns Fjernvarme | J68: 1760 | K68: 26089263 | L68: HOFOR FJERNVARME P/S | M68: 1 | N68: FJ | O68: Fjernvarmeværk | P68: Kedel 1 | Q68: Kedel | R68: 353000 | S68: 350030 | T68: fvv | U68: 27364 | W68: HO | X68: BOILER | Y68: YES | Z68: GAS OIL | AA68: ACTIVE | AB68: HOB_GO | AD68: 23 | AE68: 0 | AF68: 23 | AG68: 3.0220475 | AH68: 2.579 | AI68: 2.579 | AJ68: 0 | AK68: 0 | AL68: 1 | AM68: 0 | AN68: 0 | AR68: 3.0220475 | BH68: =IFERROR(AO68/SUM($AO68:$BG68),"-") -> 0 | BI68: =IFERROR(AP68/SUM($AO68:$BG68),"-") -> 0 | BJ68: =IFERROR(AQ68/SUM($AO68:$BG68),"-") -> 0 | BK68: =IFERROR(AR68/SUM($AO68:$BG68),"-") -> 1 | BL68: =IFERROR(AS68/SUM($AO68:$BG68),"-") -> 0 | BM68: =IFERROR(AT68/SUM($AO68:$BG68),"-") -> 0 | BN68: =IFERROR(AU68/SUM($AO68:$BG68),"-") -> 0 | BO68: =IFERROR(AV68/SUM($AO68:$BG68),"-") -> 0 | ... BZ68: =IFERROR(BG68/SUM($AO68:$BG68),"-") -> 0
A69: 994 | B69: 994-3 | C69: 2023 | D69: HOFOR - Østre varmecentral | E69: 2100 | F69: København Ø | G69: 101 | H69: 2 | I69: Storkøbenhavns Fjernvarme | J69: 1760 | K69: 26089263 | L69: HOFOR FJERNVARME P/S | M69: 1 | N69: FJ | O69: Fjernvarmeværk | P69: Kedel 3 | Q69: Kedel | R69: 353000 | S69: 350030 | T69: fvv | U69: 27364 | W69: HO | X69: BOILER | Y69: YES | Z69: GAS OIL | AA69: ACTIVE | AB69: HOB_GO | AD69: 23 | AE69: 0 | AF69: 23 | AG69: 0.62589563 | AH69: 0.534 | AI69: 0.534 | AJ69: 0 | AK69: 0 | AL69: 1 | AM69: 0 | AN69: 0 | AR69: 0.62589563 | BH69: =IFERROR(AO69/SUM($AO69:$BG69),"-") -> 0 | BI69: =IFERROR(AP69/SUM($AO69:$BG69),"-") -> 0 | BJ69: =IFERROR(AQ69/SUM($AO69:$BG69),"-") -> 0 | BK69: =IFERROR(AR69/SUM($AO69:$BG69),"-") -> 1 | BL69: =IFERROR(AS69/SUM($AO69:$BG69),"-") -> 0 | BM69: =IFERROR(AT69/SUM($AO69:$BG69),"-") -> 0 | BN69: =IFERROR(AU69/SUM($AO69:$BG69),"-") -> 0 | BO69: =IFERROR(AV69/SUM($AO69:$BG69),"-") -> 0 | ... BZ69: =IFERROR(BG69/SUM($AO69:$BG69),"-") -> 0
A70: 994 | B70: 994-2 | C70: 2023 | D70: HOFOR - Østre varmecentral | E70: 2100 | F70: København Ø | G70: 101 | H70: 2 | I70: Storkøbenhavns Fjernvarme | J70: 1760 | K70: 26089263 | L70: HOFOR FJERNVARME P/S | M70: 1 | N70: FJ | O70: Fjernvarmeværk | P70: Kedel 2 | Q70: Kedel | R70: 353000 | S70: 350030 | T70: fvv | U70: 27364 | W70: HO | X70: BOILER | Y70: YES | Z70: GAS OIL | AA70: ACTIVE | AB70: HOB_GO | AD70: 23 | AE70: 0 | AF70: 23 | AG70: 5.936772 | AH70: 5.067 | AI70: 5.067 | AJ70: 0 | AK70: 0 | AL70: 1 | AM70: 0 | AN70: 0 | AR70: 5.936772 | BH70: =IFERROR(AO70/SUM($AO70:$BG70),"-") -> 0 | BI70: =IFERROR(AP70/SUM($AO70:$BG70),"-") -> 0 | BJ70: =IFERROR(AQ70/SUM($AO70:$BG70),"-") -> 0 | BK70: =IFERROR(AR70/SUM($AO70:$BG70),"-") -> 1 | BL70: =IFERROR(AS70/SUM($AO70:$BG70),"-") -> 0 | BM70: =IFERROR(AT70/SUM($AO70:$BG70),"-") -> 0 | BN70: =IFERROR(AU70/SUM($AO70:$BG70),"-") -> 0 | BO70: =IFERROR(AV70/SUM($AO70:$BG70),"-") -> 0 | ... BZ70: =IFERROR(BG70/SUM($AO70:$BG70),"-") -> 0
A71: 995 | B71: 995-9 | C71: 2023 | D71: HOFOR - Sundholm varmecentral | E71: 2300 | F71: København S | G71: 101 | H71: 2 | I71: Storkøbenhavns Fjernvarme | J71: 1760 | K71: 26089263 | L71: HOFOR FJERNVARME P/S | M71: 1 | N71: FJ | O71: Fjernvarmeværk | P71: Kedel 3 | Q71: Kedel | R71: 353000 | S71: 350030 | T71: fvv | U71: 41562 | W71: HO | X71: BOILER | Y71: YES | Z71: GAS OIL | AA71: ACTIVE | AB71: HOB_GO | AD71: 19.7 | AE71: 0 | AF71: 18.2 | AG71: 18.880497 | AH71: 17.475 | AI71: 17.475 | AJ71: 0 | AK71: 0 | AL71: 1 | AM71: 0 | AN71: 0 | AR71: 18.880497 | BH71: =IFERROR(AO71/SUM($AO71:$BG71),"-") -> 0 | BI71: =IFERROR(AP71/SUM($AO71:$BG71),"-") -> 0 | BJ71: =IFERROR(AQ71/SUM($AO71:$BG71),"-") -> 0 | BK71: =IFERROR(AR71/SUM($AO71:$BG71),"-") -> 1 | BL71: =IFERROR(AS71/SUM($AO71:$BG71),"-") -> 0 | BM71: =IFERROR(AT71/SUM($AO71:$BG71),"-") -> 0 | BN71: =IFERROR(AU71/SUM($AO71:$BG71),"-") -> 0 | BO71: =IFERROR(AV71/SUM($AO71:$BG71),"-") -> 0 | ... BZ71: =IFERROR(BG71/SUM($AO71:$BG71),"-") -> 0
A72: 995 | B72: 995-10 | C72: 2023 | D72: HOFOR - Sundholm varmecentral | E72: 2300 | F72: København S | G72: 101 | H72: 2 | I72: Storkøbenhavns Fjernvarme | J72: 1760 | K72: 26089263 | L72: HOFOR FJERNVARME P/S | M72: 1 | N72: FJ | O72: Fjernvarmeværk | P72: Kedel 4 | Q72: Kedel | R72: 353000 | S72: 350030 | T72: fvv | U72: 41562 | W72: HO | X72: BOILER | Y72: YES | Z72: GAS OIL | AA72: ACTIVE | AB72: HOB_GO | AD72: 19.7 | AE72: 0 | AF72: 18.2 | AG72: 28.274241 | AH72: 26.17 | AI72: 26.17 | AJ72: 0 | AK72: 0 | AL72: 1 | AM72: 0 | AN72: 0 | AR72: 28.274241 | BH72: =IFERROR(AO72/SUM($AO72:$BG72),"-") -> 0 | BI72: =IFERROR(AP72/SUM($AO72:$BG72),"-") -> 0 | BJ72: =IFERROR(AQ72/SUM($AO72:$BG72),"-") -> 0 | BK72: =IFERROR(AR72/SUM($AO72:$BG72),"-") -> 1 | BL72: =IFERROR(AS72/SUM($AO72:$BG72),"-") -> 0 | BM72: =IFERROR(AT72/SUM($AO72:$BG72),"-") -> 0 | BN72: =IFERROR(AU72/SUM($AO72:$BG72),"-") -> 0 | BO72: =IFERROR(AV72/SUM($AO72:$BG72),"-") -> 0 | ... BZ72: =IFERROR(BG72/SUM($AO72:$BG72),"-") -> 0
A73: 995 | B73: 995-8 | C73: 2023 | D73: HOFOR - Sundholm varmecentral | E73: 2300 | F73: København S | G73: 101 | H73: 2 | I73: Storkøbenhavns Fjernvarme | J73: 1760 | K73: 26089263 | L73: HOFOR FJERNVARME P/S | M73: 1 | N73: FJ | O73: Fjernvarmeværk | P73: Kedel 2 | Q73: Kedel | R73: 353000 | S73: 350030 | T73: fvv | U73: 41562 | W73: HO | X73: BOILER | Y73: YES | Z73: GAS OIL | AA73: ACTIVE | AB73: HOB_GO | AD73: 19.7 | AE73: 0 | AF73: 18.2 | AG73: 22.135736 | AH73: 20.488 | AI73: 20.488 | AJ73: 0 | AK73: 0 | AL73: 1 | AM73: 0 | AN73: 0 | AR73: 22.135736 | BH73: =IFERROR(AO73/SUM($AO73:$BG73),"-") -> 0 | BI73: =IFERROR(AP73/SUM($AO73:$BG73),"-") -> 0 | BJ73: =IFERROR(AQ73/SUM($AO73:$BG73),"-") -> 0 | BK73: =IFERROR(AR73/SUM($AO73:$BG73),"-") -> 1 | BL73: =IFERROR(AS73/SUM($AO73:$BG73),"-") -> 0 | BM73: =IFERROR(AT73/SUM($AO73:$BG73),"-") -> 0 | BN73: =IFERROR(AU73/SUM($AO73:$BG73),"-") -> 0 | BO73: =IFERROR(AV73/SUM($AO73:$BG73),"-") -> 0 | ... BZ73: =IFERROR(BG73/SUM($AO73:$BG73),"-") -> 0
A74: 995 | B74: 995-7 | C74: 2023 | D74: HOFOR - Sundholm varmecentral | E74: 2300 | F74: København S | G74: 101 | H74: 2 | I74: Storkøbenhavns Fjernvarme | J74: 1760 | K74: 26089263 | L74: HOFOR FJERNVARME P/S | M74: 1 | N74: FJ | O74: Fjernvarmeværk | P74: Kedel 1 | Q74: Kedel | R74: 353000 | S74: 350030 | T74: fvv | U74: 41562 | W74: HO | X74: BOILER | Y74: YES | Z74: NATURAL GAS | AA74: ACTIVE | AB74: HOB_NG | AD74: 19.7 | AE74: 0 | AF74: 19.4 | AG74: 2.0335376 | AH74: 1.757 | AI74: 1.757 | AJ74: 0 | AK74: 0 | AL74: 1 | AM74: 0 | AN74: 0 | AU74: 2.0335376 | BH74: =IFERROR(AO74/SUM($AO74:$BG74),"-") -> 0 | BI74: =IFERROR(AP74/SUM($AO74:$BG74),"-") -> 0 | BJ74: =IFERROR(AQ74/SUM($AO74:$BG74),"-") -> 0 | BK74: =IFERROR(AR74/SUM($AO74:$BG74),"-") -> 0 | BL74: =IFERROR(AS74/SUM($AO74:$BG74),"-") -> 0 | BM74: =IFERROR(AT74/SUM($AO74:$BG74),"-") -> 0 | BN74: =IFERROR(AU74/SUM($AO74:$BG74),"-") -> 1 | BO74: =IFERROR(AV74/SUM($AO74:$BG74),"-") -> 0 | ... BZ74: =IFERROR(BG74/SUM($AO74:$BG74),"-") -> 0
A75: 995 | B75: 995-11 | C75: 2023 | D75: HOFOR - Sundholm varmecentral | E75: 2300 | F75: København S | G75: 101 | H75: 2 | I75: Storkøbenhavns Fjernvarme | J75: 1760 | K75: 26089263 | L75: HOFOR FJERNVARME P/S | M75: 1 | N75: FJ | O75: Fjernvarmeværk | P75: Kedel 5 | Q75: Kedel | R75: 353000 | S75: 350030 | T75: fvv | U75: 41562 | W75: HO | X75: BOILER | Y75: YES | Z75: GAS OIL | AA75: ACTIVE | AB75: HOB_GO | AD75: 19.7 | AE75: 0 | AF75: 18.2 | AG75: 23.716885 | AH75: 21.951 | AI75: 21.951 | AJ75: 0 | AK75: 0 | AL75: 1 | AM75: 0 | AN75: 0 | AR75: 23.716885 | BH75: =IFERROR(AO75/SUM($AO75:$BG75),"-") -> 0 | BI75: =IFERROR(AP75/SUM($AO75:$BG75),"-") -> 0 | BJ75: =IFERROR(AQ75/SUM($AO75:$BG75),"-") -> 0 | BK75: =IFERROR(AR75/SUM($AO75:$BG75),"-") -> 1 | BL75: =IFERROR(AS75/SUM($AO75:$BG75),"-") -> 0 | BM75: =IFERROR(AT75/SUM($AO75:$BG75),"-") -> 0 | BN75: =IFERROR(AU75/SUM($AO75:$BG75),"-") -> 0 | BO75: =IFERROR(AV75/SUM($AO75:$BG75),"-") -> 0 | ... BZ75: =IFERROR(BG75/SUM($AO75:$BG75),"-") -> 0
A76: 1351 | B76: 1351-2 | C76: 2023 | D76: Gladsaxe Spidslastanlæg | E76: 2860 | F76: Søborg | G76: 159 | H76: 2 | I76: Storkøbenhavns Fjernvarme | J76: 77 | K76: 74132111 | L76: CTR I/S | M76: 1 | N76: FJ | O76: Fjernvarmeværk | P76: GCEL | Q76: Elpatron | R76: 353000 | S76: 350030 | T76: fvv | U76: 44105 | W76: HO | X76: BOILER | Y76: YES | Z76: ELECTRICITY | AA76: ACTIVE | AB76: HOB_EL | AD76: 80 | AE76: 0 | AF76: 80 | AG76: 209.76 | AH76: 209.76 | AI76: 209.76 | AJ76: 0 | AK76: 0 | AL76: 1 | AM76: 0 | AN76: 0 | BF76: 209.76 | BH76: =IFERROR(AO76/SUM($AO76:$BG76),"-") -> 0 | BI76: =IFERROR(AP76/SUM($AO76:$BG76),"-") -> 0 | BJ76: =IFERROR(AQ76/SUM($AO76:$BG76),"-") -> 0 | BK76: =IFERROR(AR76/SUM($AO76:$BG76),"-") -> 0 | BL76: =IFERROR(AS76/SUM($AO76:$BG76),"-") -> 0 | BM76: =IFERROR(AT76/SUM($AO76:$BG76),"-") -> 0 | BN76: =IFERROR(AU76/SUM($AO76:$BG76),"-") -> 0 | BO76: =IFERROR(AV76/SUM($AO76:$BG76),"-") -> 0 | ... BZ76: =IFERROR(BG76/SUM($AO76:$BG76),"-") -> 0
A77: 1351 | B77: 1351-1 | C77: 2023 | D77: Gladsaxe Spidslastanlæg | E77: 2860 | F77: Søborg | G77: 159 | H77: 2 | I77: Storkøbenhavns Fjernvarme | J77: 77 | K77: 74132111 | L77: CTR I/S | M77: 1 | N77: FJ | O77: Fjernvarmeværk | P77: GLC Kedel | Q77: Kedel | R77: 353000 | S77: 350030 | T77: fvv | U77: 35065 | W77: HO | X77: BOILER | Y77: YES | Z77: NATURAL GAS | AA77: ACTIVE | AB77: HOB_NG | AD77: 22 | AE77: 0 | AF77: 20 | AG77: 71.127113 | AH77: 69.783 | AI77: 69.783 | AJ77: 0 | AK77: 0 | AL77: 1 | AM77: 0 | AN77: 0 | AR77: 3.0213301 | AU77: 68.105783 | BH77: =IFERROR(AO77/SUM($AO77:$BG77),"-") -> 0 | BI77: =IFERROR(AP77/SUM($AO77:$BG77),"-") -> 0 | BJ77: =IFERROR(AQ77/SUM($AO77:$BG77),"-") -> 0 | BK77: =IFERROR(AR77/SUM($AO77:$BG77),"-") -> 0.042477896 | BL77: =IFERROR(AS77/SUM($AO77:$BG77),"-") -> 0 | BM77: =IFERROR(AT77/SUM($AO77:$BG77),"-") -> 0 | BN77: =IFERROR(AU77/SUM($AO77:$BG77),"-") -> 0.9575221 | BO77: =IFERROR(AV77/SUM($AO77:$BG77),"-") -> 0 | ... BZ77: =IFERROR(BG77/SUM($AO77:$BG77),"-") -> 0
A78: 1551 | B78: 1551-2 | C78: 2023 | D78: CTR, Utterslev Varmecentral | E78: 2700 | F78: Brønshøj | G78: 101 | H78: 2 | I78: Storkøbenhavns Fjernvarme | J78: 77 | K78: 74132111 | L78: CTR I/S | M78: 1 | N78: FJ | O78: Fjernvarmeværk | P78: UVC 2 kedel | Q78: Kedel | R78: 353000 | S78: 350030 | T78: fvv | U78: 36434 | W78: HO | X78: BOILER | Y78: YES | Z78: GAS OIL | AA78: ACTIVE | AB78: HOB_GO | AD78: 22 | AE78: 0 | AF78: 20 | AG78: 0.31490273 | AH78: 0.22881 | AI78: 0.22881 | AJ78: 0 | AK78: 0 | AL78: 1 | AM78: 0 | AN78: 0 | AR78: 0.31490273 | BH78: =IFERROR(AO78/SUM($AO78:$BG78),"-") -> 0 | BI78: =IFERROR(AP78/SUM($AO78:$BG78),"-") -> 0 | BJ78: =IFERROR(AQ78/SUM($AO78:$BG78),"-") -> 0 | BK78: =IFERROR(AR78/SUM($AO78:$BG78),"-") -> 1 | BL78: =IFERROR(AS78/SUM($AO78:$BG78),"-") -> 0 | BM78: =IFERROR(AT78/SUM($AO78:$BG78),"-") -> 0 | BN78: =IFERROR(AU78/SUM($AO78:$BG78),"-") -> 0 | BO78: =IFERROR(AV78/SUM($AO78:$BG78),"-") -> 0 | ... BZ78: =IFERROR(BG78/SUM($AO78:$BG78),"-") -> 0
A79: 1551 | B79: 1551-1 | C79: 2023 | D79: CTR, Utterslev Varmecentral | E79: 2700 | F79: Brønshøj | G79: 101 | H79: 2 | I79: Storkøbenhavns Fjernvarme | J79: 77 | K79: 74132111 | L79: CTR I/S | M79: 1 | N79: FJ | O79: Fjernvarmeværk | P79: UVC 1 kedel | Q79: Kedel | R79: 353000 | S79: 350030 | T79: fvv | U79: 36434 | W79: HO | X79: BOILER | Y79: YES | Z79: GAS OIL | AA79: ACTIVE | AB79: HOB_GO | AD79: 22 | AE79: 0 | AF79: 20 | AG79: 0.25901727 | AH79: 0.18819 | AI79: 0.18819 | AJ79: 0 | AK79: 0 | AL79: 1 | AM79: 0 | AN79: 0 | AR79: 0.25901727 | BH79: =IFERROR(AO79/SUM($AO79:$BG79),"-") -> 0 | BI79: =IFERROR(AP79/SUM($AO79:$BG79),"-") -> 0 | BJ79: =IFERROR(AQ79/SUM($AO79:$BG79),"-") -> 0 | BK79: =IFERROR(AR79/SUM($AO79:$BG79),"-") -> 1 | BL79: =IFERROR(AS79/SUM($AO79:$BG79),"-") -> 0 | BM79: =IFERROR(AT79/SUM($AO79:$BG79),"-") -> 0 | BN79: =IFERROR(AU79/SUM($AO79:$BG79),"-") -> 0 | BO79: =IFERROR(AV79/SUM($AO79:$BG79),"-") -> 0 | ... BZ79: =IFERROR(BG79/SUM($AO79:$BG79),"-") -> 0
A80: 1567 | B80: 1567-1 | C80: 2023 | D80: DSB Klargøring | E80: 2770 | F80: Kastrup | G80: 185 | H80: 2 | I80: Storkøbenhavns Fjernvarme | J80: 2304 | K80: 32788742 | L80: DSB VEDLIGEHOLD A/S | N80: ER | O80: Erhvervsværk | P80: Decentral værk | Q80: Forbrændingsmotor | R80: 491000 | S80: 490010 | T80: pev | U80: 36668 | V80: 45012 | W80: CHP | X80: COMBUSTION_ENGINE | Y80: NO | Z80: NATURAL GAS | AA80: DECOMISSIONED | AB80: - | AC80: decomissioned | AD80: 2.4 | AE80: 0.92 | AF80: 1.2 | AG80: 1.6579728 | AH80: 0.95184 | AI80: 0.95184 | AJ80: 0.5904 | AK80: 0.5904 | AL80: 0.45927895 | AM80: 0.54072105 | AN80: 0 | AU80: 1.6579728 | BH80: =IFERROR(AO80/SUM($AO80:$BG80),"-") -> 0 | BI80: =IFERROR(AP80/SUM($AO80:$BG80),"-") -> 0 | BJ80: =IFERROR(AQ80/SUM($AO80:$BG80),"-") -> 0 | BK80: =IFERROR(AR80/SUM($AO80:$BG80),"-") -> 0 | BL80: =IFERROR(AS80/SUM($AO80:$BG80),"-") -> 0 | BM80: =IFERROR(AT80/SUM($AO80:$BG80),"-") -> 0 | BN80: =IFERROR(AU80/SUM($AO80:$BG80),"-") -> 1 | BO80: =IFERROR(AV80/SUM($AO80:$BG80),"-") -> 0 | ... BZ80: =IFERROR(BG80/SUM($AO80:$BG80),"-") -> 0
A81: 1825 | B81: 1825-4 | C81: 2023 | D81: Svogerslev Fjernvarmecentral | E81: 4000 | F81: Roskilde | G81: 265 | H81: 2 | I81: Storkøbenhavns Fjernvarme | J81: 434 | K81: 50187128 | L81: Svogerslev Fjernvarme | M81: 1 | N81: FJ | O81: Fjernvarmeværk | P81: Kedel 4 | Q81: Kedel | R81: 353000 | S81: 350030 | T81: fvv | U81: 26299 | W81: HO | X81: BOILER | Y81: YES | Z81: UNKNOWN | AA81: INOPERATIVE | AB81: - | AC81: inoperative, unknown fuel | AD81: 7.3 | AE81: 0 | AF81: 6.4 | AG81: 0 | AH81: 0 | AI81: 0 | AJ81: 0 | AK81: 0 | AL81: 1 | AM81: 0 | AN81: 0 | AR81: 0 | AU81: 0 | BH81: =IFERROR(AO81/SUM($AO81:$BG81),"-") -> - | BI81: =IFERROR(AP81/SUM($AO81:$BG81),"-") -> - | BJ81: =IFERROR(AQ81/SUM($AO81:$BG81),"-") -> - | BK81: =IFERROR(AR81/SUM($AO81:$BG81),"-") -> - | BL81: =IFERROR(AS81/SUM($AO81:$BG81),"-") -> - | BM81: =IFERROR(AT81/SUM($AO81:$BG81),"-") -> - | BN81: =IFERROR(AU81/SUM($AO81:$BG81),"-") -> - | BO81: =IFERROR(AV81/SUM($AO81:$BG81),"-") -> - | ... BZ81: =IFERROR(BG81/SUM($AO81:$BG81),"-") -> -
A82: 1825 | B82: 1825-2 | C82: 2023 | D82: Svogerslev Fjernvarmecentral | E82: 4000 | F82: Roskilde | G82: 265 | H82: 2 | I82: Storkøbenhavns Fjernvarme | J82: 434 | K82: 50187128 | L82: Svogerslev Fjernvarme | M82: 1 | N82: FJ | O82: Fjernvarmeværk | P82: Kedel 2 | Q82: Kedel | R82: 353000 | S82: 350030 | T82: fvv | U82: 24108 | W82: HO | X82: BOILER | Y82: YES | Z82: UNKNOWN | AA82: INOPERATIVE | AB82: - | AC82: inoperative, unknown fuel | AD82: 5.6 | AE82: 0 | AF82: 5 | AG82: 0 | AH82: 0 | AI82: 0 | AJ82: 0 | AK82: 0 | AL82: 1 | AM82: 0 | AN82: 0 | AR82: 0 | AU82: 0 | BH82: =IFERROR(AO82/SUM($AO82:$BG82),"-") -> - | BI82: =IFERROR(AP82/SUM($AO82:$BG82),"-") -> - | BJ82: =IFERROR(AQ82/SUM($AO82:$BG82),"-") -> - | BK82: =IFERROR(AR82/SUM($AO82:$BG82),"-") -> - | BL82: =IFERROR(AS82/SUM($AO82:$BG82),"-") -> - | BM82: =IFERROR(AT82/SUM($AO82:$BG82),"-") -> - | BN82: =IFERROR(AU82/SUM($AO82:$BG82),"-") -> - | BO82: =IFERROR(AV82/SUM($AO82:$BG82),"-") -> - | ... BZ82: =IFERROR(BG82/SUM($AO82:$BG82),"-") -> -
A83: 1825 | B83: 1825-3 | C83: 2023 | D83: Svogerslev Fjernvarmecentral | E83: 4000 | F83: Roskilde | G83: 265 | H83: 2 | I83: Storkøbenhavns Fjernvarme | J83: 434 | K83: 50187128 | L83: Svogerslev Fjernvarme | M83: 1 | N83: FJ | O83: Fjernvarmeværk | P83: Kedel 3 | Q83: Kedel | R83: 353000 | S83: 350030 | T83: fvv | U83: 27395 | W83: HO | X83: BOILER | Y83: YES | Z83: UNKNOWN | AA83: INOPERATIVE | AB83: - | AC83: inoperative, unknown fuel | AD83: 3.7 | AE83: 0 | AF83: 3.2 | AG83: 0 | AH83: 0 | AI83: 0 | AJ83: 0 | AK83: 0 | AL83: 1 | AM83: 0 | AN83: 0 | AU83: 0 | BH83: =IFERROR(AO83/SUM($AO83:$BG83),"-") -> - | BI83: =IFERROR(AP83/SUM($AO83:$BG83),"-") -> - | BJ83: =IFERROR(AQ83/SUM($AO83:$BG83),"-") -> - | BK83: =IFERROR(AR83/SUM($AO83:$BG83),"-") -> - | BL83: =IFERROR(AS83/SUM($AO83:$BG83),"-") -> - | BM83: =IFERROR(AT83/SUM($AO83:$BG83),"-") -> - | BN83: =IFERROR(AU83/SUM($AO83:$BG83),"-") -> - | BO83: =IFERROR(AV83/SUM($AO83:$BG83),"-") -> - | ... BZ83: =IFERROR(BG83/SUM($AO83:$BG83),"-") -> -
A84: 1825 | B84: 1825-1 | C84: 2023 | D84: Svogerslev Fjernvarmecentral | E84: 4000 | F84: Roskilde | G84: 265 | H84: 2 | I84: Storkøbenhavns Fjernvarme | J84: 434 | K84: 50187128 | L84: Svogerslev Fjernvarme | M84: 1 | N84: FJ | O84: Fjernvarmeværk | P84: Kedel 1 | Q84: Kedel | R84: 353000 | S84: 350030 | T84: fvv | U84: 24958 | W84: HO | X84: BOILER | Y84: YES | Z84: NATURAL GAS | AA84: ACTIVE | AB84: HOB_NG | AD84: 5.8 | AE84: 0 | AF84: 5.1 | AG84: 5.1981732 | AH84: 5.085 | AI84: 5.085 | AJ84: 0 | AK84: 0 | AL84: 1 | AM84: 0 | AN84: 0 | AU84: 5.1981732 | BH84: =IFERROR(AO84/SUM($AO84:$BG84),"-") -> 0 | BI84: =IFERROR(AP84/SUM($AO84:$BG84),"-") -> 0 | BJ84: =IFERROR(AQ84/SUM($AO84:$BG84),"-") -> 0 | BK84: =IFERROR(AR84/SUM($AO84:$BG84),"-") -> 0 | BL84: =IFERROR(AS84/SUM($AO84:$BG84),"-") -> 0 | BM84: =IFERROR(AT84/SUM($AO84:$BG84),"-") -> 0 | BN84: =IFERROR(AU84/SUM($AO84:$BG84),"-") -> 1 | BO84: =IFERROR(AV84/SUM($AO84:$BG84),"-") -> 0 | ... BZ84: =IFERROR(BG84/SUM($AO84:$BG84),"-") -> 0
A85: 1827 | B85: 1827-3 | C85: 2023 | D85: Fjernvarmecentralen Avedøre Holme | E85: 2650 | F85: Hvidovre | G85: 167 | H85: 2 | I85: Storkøbenhavns Fjernvarme | J85: 571 | K85: 22340417 | L85: Fjernvarmecentralen Avedøre Holme | M85: 1 | N85: FJ | O85: Fjernvarmeværk | P85: Hedtvandsanlæg 6 | Q85: Kedel | R85: 353000 | S85: 350030 | T85: fvv | U85: 36739 | W85: HO | X85: BOILER | Y85: YES | Z85: NATURAL GAS | AA85: ACTIVE | AB85: HOB_NG | AD85: 19.5 | AE85: 0 | AF85: 18 | AG85: 1.6668036 | AH85: 1.1736 | AI85: 1.1736 | AJ85: 0 | AK85: 0 | AL85: 1 | AM85: 0 | AN85: 0 | AU85: 1.6668036 | BH85: =IFERROR(AO85/SUM($AO85:$BG85),"-") -> 0 | BI85: =IFERROR(AP85/SUM($AO85:$BG85),"-") -> 0 | BJ85: =IFERROR(AQ85/SUM($AO85:$BG85),"-") -> 0 | BK85: =IFERROR(AR85/SUM($AO85:$BG85),"-") -> 0 | BL85: =IFERROR(AS85/SUM($AO85:$BG85),"-") -> 0 | BM85: =IFERROR(AT85/SUM($AO85:$BG85),"-") -> 0 | BN85: =IFERROR(AU85/SUM($AO85:$BG85),"-") -> 1 | BO85: =IFERROR(AV85/SUM($AO85:$BG85),"-") -> 0 | ... BZ85: =IFERROR(BG85/SUM($AO85:$BG85),"-") -> 0
A86: 1827 | B86: 1827-6 | C86: 2023 | D86: Fjernvarmecentralen Avedøre Holme | E86: 2650 | F86: Hvidovre | G86: 167 | H86: 2 | I86: Storkøbenhavns Fjernvarme | J86: 571 | K86: 22340417 | L86: Fjernvarmecentralen Avedøre Holme | M86: 1 | N86: FJ | O86: Fjernvarmeværk | P86: Kedel 7 | Q86: Kedel | R86: 353000 | S86: 350030 | T86: fvv | U86: 44180 | W86: HO | X86: BOILER | Y86: YES | Z86: NATURAL GAS | AA86: ACTIVE | AB86: HOB_NG | AD86: 10.5 | AE86: 0 | AF86: 10 | AG86: 44.942792 | AH86: 40.7628 | AI86: 40.7628 | AJ86: 0 | AK86: 0 | AL86: 1 | AM86: 0 | AN86: 0 | AU86: 44.942792 | BH86: =IFERROR(AO86/SUM($AO86:$BG86),"-") -> 0 | BI86: =IFERROR(AP86/SUM($AO86:$BG86),"-") -> 0 | BJ86: =IFERROR(AQ86/SUM($AO86:$BG86),"-") -> 0 | BK86: =IFERROR(AR86/SUM($AO86:$BG86),"-") -> 0 | BL86: =IFERROR(AS86/SUM($AO86:$BG86),"-") -> 0 | BM86: =IFERROR(AT86/SUM($AO86:$BG86),"-") -> 0 | BN86: =IFERROR(AU86/SUM($AO86:$BG86),"-") -> 1 | BO86: =IFERROR(AV86/SUM($AO86:$BG86),"-") -> 0 | ... BZ86: =IFERROR(BG86/SUM($AO86:$BG86),"-") -> 0
A87: 1827 | B87: 1827-5 | C87: 2023 | D87: Fjernvarmecentralen Avedøre Holme | E87: 2650 | F87: Hvidovre | G87: 167 | H87: 2 | I87: Storkøbenhavns Fjernvarme | J87: 571 | K87: 22340417 | L87: Fjernvarmecentralen Avedøre Holme | M87: 1 | N87: FJ | O87: Fjernvarmeværk | P87: Hedtvandsanlæg 5 | Q87: Kedel | R87: 353000 | S87: 350030 | T87: fvv | U87: 31990 | W87: HO | X87: BOILER | Y87: YES | Z87: NATURAL GAS | AA87: ACTIVE | AB87: HOB_NG | AD87: 19.5 | AE87: 0 | AF87: 18 | AG87: 0.2506284 | AH87: 0.2 | AI87: 0.2 | AJ87: 0 | AK87: 0 | AL87: 1 | AM87: 0 | AN87: 0 | AU87: 0.2506284 | BH87: =IFERROR(AO87/SUM($AO87:$BG87),"-") -> 0 | BI87: =IFERROR(AP87/SUM($AO87:$BG87),"-") -> 0 | BJ87: =IFERROR(AQ87/SUM($AO87:$BG87),"-") -> 0 | BK87: =IFERROR(AR87/SUM($AO87:$BG87),"-") -> 0 | BL87: =IFERROR(AS87/SUM($AO87:$BG87),"-") -> 0 | BM87: =IFERROR(AT87/SUM($AO87:$BG87),"-") -> 0 | BN87: =IFERROR(AU87/SUM($AO87:$BG87),"-") -> 1 | BO87: =IFERROR(AV87/SUM($AO87:$BG87),"-") -> 0 | ... BZ87: =IFERROR(BG87/SUM($AO87:$BG87),"-") -> 0
A88: 1828 | B88: 1828-2 | C88: 2023 | D88: Hvidovre Midt Amba | E88: 2650 | F88: Hvidovre | G88: 167 | H88: 2 | I88: Storkøbenhavns Fjernvarme | J88: 1759 | K88: 76343616 | L88: FD Hvidovre AMBA | M88: 1 | N88: FJ | O88: Fjernvarmeværk | P88: Hartmann PU | Q88: Kedel | R88: 353000 | S88: 350030 | T88: fvv | U88: 40909 | W88: HO | X88: BOILER | Y88: YES | Z88: UNKNOWN | AA88: INOPERATIVE | AB88: - | AC88: inoperative, unknown fuel | AD88: 6 | AE88: 0 | AF88: 6 | AG88: 0 | AH88: 0 | AI88: 0 | AJ88: 0 | AK88: 0 | AL88: 1 | AM88: 0 | AN88: 0 | AR88: 0 | AT88: 0 | BH88: =IFERROR(AO88/SUM($AO88:$BG88),"-") -> - | BI88: =IFERROR(AP88/SUM($AO88:$BG88),"-") -> - | BJ88: =IFERROR(AQ88/SUM($AO88:$BG88),"-") -> - | BK88: =IFERROR(AR88/SUM($AO88:$BG88),"-") -> - | BL88: =IFERROR(AS88/SUM($AO88:$BG88),"-") -> - | BM88: =IFERROR(AT88/SUM($AO88:$BG88),"-") -> - | BN88: =IFERROR(AU88/SUM($AO88:$BG88),"-") -> - | BO88: =IFERROR(AV88/SUM($AO88:$BG88),"-") -> - | ... BZ88: =IFERROR(BG88/SUM($AO88:$BG88),"-") -> -
A89: 1828 | B89: 1828-3 | C89: 2023 | D89: Hvidovre Midt Amba | E89: 2650 | F89: Hvidovre | G89: 167 | H89: 2 | I89: Storkøbenhavns Fjernvarme | J89: 1759 | K89: 76343616 | L89: FD Hvidovre AMBA | M89: 1 | N89: FJ | O89: Fjernvarmeværk | P89: Saache | Q89: Kedel | R89: 353000 | S89: 350030 | T89: fvv | U89: 40909 | W89: HO | X89: BOILER | Y89: YES | Z89: UNKNOWN | AA89: INOPERATIVE | AB89: - | AC89: inoperative, unknown fuel | AD89: 6 | AE89: 0 | AF89: 6 | AG89: 0 | AH89: 0 | AI89: 0 | AJ89: 0 | AK89: 0 | AL89: 1 | AM89: 0 | AN89: 0 | AR89: 0 | AT89: 0 | BH89: =IFERROR(AO89/SUM($AO89:$BG89),"-") -> - | BI89: =IFERROR(AP89/SUM($AO89:$BG89),"-") -> - | BJ89: =IFERROR(AQ89/SUM($AO89:$BG89),"-") -> - | BK89: =IFERROR(AR89/SUM($AO89:$BG89),"-") -> - | BL89: =IFERROR(AS89/SUM($AO89:$BG89),"-") -> - | BM89: =IFERROR(AT89/SUM($AO89:$BG89),"-") -> - | BN89: =IFERROR(AU89/SUM($AO89:$BG89),"-") -> - | BO89: =IFERROR(AV89/SUM($AO89:$BG89),"-") -> - | ... BZ89: =IFERROR(BG89/SUM($AO89:$BG89),"-") -> -
A90: 1828 | B90: 1828-4 | C90: 2023 | D90: Hvidovre Midt Amba | E90: 2650 | F90: Hvidovre | G90: 167 | H90: 2 | I90: Storkøbenhavns Fjernvarme | J90: 1759 | K90: 76343616 | L90: FD Hvidovre AMBA | M90: 1 | N90: FJ | O90: Fjernvarmeværk | P90: Saache | Q90: Kedel | R90: 353000 | S90: 350030 | T90: fvv | U90: 40909 | W90: HO | X90: BOILER | Y90: YES | Z90: UNKNOWN | AA90: INOPERATIVE | AB90: - | AC90: inoperative, unknown fuel | AD90: 6 | AE90: 0 | AF90: 6 | AG90: 0 | AH90: 0 | AI90: 0 | AJ90: 0 | AK90: 0 | AL90: 1 | AM90: 0 | AN90: 0 | AR90: 0 | AT90: 0 | BH90: =IFERROR(AO90/SUM($AO90:$BG90),"-") -> - | BI90: =IFERROR(AP90/SUM($AO90:$BG90),"-") -> - | BJ90: =IFERROR(AQ90/SUM($AO90:$BG90),"-") -> - | BK90: =IFERROR(AR90/SUM($AO90:$BG90),"-") -> - | BL90: =IFERROR(AS90/SUM($AO90:$BG90),"-") -> - | BM90: =IFERROR(AT90/SUM($AO90:$BG90),"-") -> - | BN90: =IFERROR(AU90/SUM($AO90:$BG90),"-") -> - | BO90: =IFERROR(AV90/SUM($AO90:$BG90),"-") -> - | ... BZ90: =IFERROR(BG90/SUM($AO90:$BG90),"-") -> -
A91: 1828 | B91: 1828-1 | C91: 2023 | D91: Hvidovre Midt Amba | E91: 2650 | F91: Hvidovre | G91: 167 | H91: 2 | I91: Storkøbenhavns Fjernvarme | J91: 1759 | K91: 76343616 | L91: FD Hvidovre AMBA | M91: 1 | N91: FJ | O91: Fjernvarmeværk | P91: Hartmann PU | Q91: Kedel | R91: 353000 | S91: 350030 | T91: fvv | U91: 40909 | W91: HO | X91: BOILER | Y91: YES | Z91: GAS OIL | AA91: ACTIVE | AB91: HOB_GO | AD91: 6 | AE91: 0 | AF91: 6 | AG91: 5.674634 | AH91: 5.188 | AI91: 5.188 | AJ91: 0 | AK91: 0 | AL91: 1 | AM91: 0 | AN91: 0 | AR91: 5.674634 | BH91: =IFERROR(AO91/SUM($AO91:$BG91),"-") -> 0 | BI91: =IFERROR(AP91/SUM($AO91:$BG91),"-") -> 0 | BJ91: =IFERROR(AQ91/SUM($AO91:$BG91),"-") -> 0 | BK91: =IFERROR(AR91/SUM($AO91:$BG91),"-") -> 1 | BL91: =IFERROR(AS91/SUM($AO91:$BG91),"-") -> 0 | BM91: =IFERROR(AT91/SUM($AO91:$BG91),"-") -> 0 | BN91: =IFERROR(AU91/SUM($AO91:$BG91),"-") -> 0 | BO91: =IFERROR(AV91/SUM($AO91:$BG91),"-") -> 0 | ... BZ91: =IFERROR(BG91/SUM($AO91:$BG91),"-") -> 0
A92: 1828 | B92: 1828-5 | C92: 2023 | D92: Hvidovre Midt Amba | E92: 2650 | F92: Hvidovre | G92: 167 | H92: 2 | I92: Storkøbenhavns Fjernvarme | J92: 1759 | K92: 76343616 | L92: FD Hvidovre AMBA | M92: 1 | N92: FJ | O92: Fjernvarmeværk | P92: Saache | Q92: Kedel | R92: 353000 | S92: 350030 | T92: fvv | U92: 40909 | W92: HO | X92: BOILER | Y92: YES | Z92: UNKNOWN | AA92: INOPERATIVE | AB92: - | AC92: inoperative, unknown fuel | AD92: 6 | AE92: 0 | AF92: 6 | AG92: 0 | AH92: 0 | AI92: 0 | AJ92: 0 | AK92: 0 | AL92: 1 | AM92: 0 | AN92: 0 | AR92: 0 | AT92: 0 | BH92: =IFERROR(AO92/SUM($AO92:$BG92),"-") -> - | BI92: =IFERROR(AP92/SUM($AO92:$BG92),"-") -> - | BJ92: =IFERROR(AQ92/SUM($AO92:$BG92),"-") -> - | BK92: =IFERROR(AR92/SUM($AO92:$BG92),"-") -> - | BL92: =IFERROR(AS92/SUM($AO92:$BG92),"-") -> - | BM92: =IFERROR(AT92/SUM($AO92:$BG92),"-") -> - | BN92: =IFERROR(AU92/SUM($AO92:$BG92),"-") -> - | BO92: =IFERROR(AV92/SUM($AO92:$BG92),"-") -> - | ... BZ92: =IFERROR(BG92/SUM($AO92:$BG92),"-") -> -
A93: 1828 | B93: 1828-6 | C93: 2023 | D93: Hvidovre Midt Amba | E93: 2650 | F93: Hvidovre | G93: 167 | H93: 2 | I93: Storkøbenhavns Fjernvarme | J93: 1759 | K93: 76343616 | L93: FD Hvidovre AMBA | M93: 1 | N93: FJ | O93: Fjernvarmeværk | P93: Saache | Q93: Kedel | R93: 353000 | S93: 350030 | T93: fvv | U93: 40909 | W93: HO | X93: BOILER | Y93: YES | Z93: UNKNOWN | AA93: INOPERATIVE | AB93: - | AC93: inoperative, unknown fuel | AD93: 6 | AE93: 0 | AF93: 6 | AG93: 0 | AH93: 0 | AI93: 0 | AJ93: 0 | AK93: 0 | AL93: 1 | AM93: 0 | AN93: 0 | AR93: 0 | AT93: 0 | BH93: =IFERROR(AO93/SUM($AO93:$BG93),"-") -> - | BI93: =IFERROR(AP93/SUM($AO93:$BG93),"-") -> - | BJ93: =IFERROR(AQ93/SUM($AO93:$BG93),"-") -> - | BK93: =IFERROR(AR93/SUM($AO93:$BG93),"-") -> - | BL93: =IFERROR(AS93/SUM($AO93:$BG93),"-") -> - | BM93: =IFERROR(AT93/SUM($AO93:$BG93),"-") -> - | BN93: =IFERROR(AU93/SUM($AO93:$BG93),"-") -> - | BO93: =IFERROR(AV93/SUM($AO93:$BG93),"-") -> - | ... BZ93: =IFERROR(BG93/SUM($AO93:$BG93),"-") -> -
A94: 1830 | B94: 1830-2 | C94: 2023 | D94: Brøndbyøster Fjernvarmecentral | E94: 2605 | F94: Brøndby | G94: 153 | H94: 2 | I94: Storkøbenhavns Fjernvarme | J94: 69 | K94: 33269315 | L94: BRØNDBY FJERNVARME A M B A | M94: 1 | N94: FJ | O94: Fjernvarmeværk | P94: Kedel 2 Danstoker/Weishaupt | Q94: Kedel | R94: 353000 | S94: 350030 | T94: fvv | U94: 27395 | W94: HO | X94: BOILER | Y94: YES | Z94: NATURAL GAS | AA94: ACTIVE | AB94: HOB_NG | AD94: 13 | AE94: 0 | AF94: 11.6 | AG94: 12.381715 | AH94: 10.54 | AI94: 10.54 | AJ94: 0 | AK94: 0 | AL94: 1 | AM94: 0 | AN94: 0 | AR94: 0.0096849 | AU94: 12.37203 | BH94: =IFERROR(AO94/SUM($AO94:$BG94),"-") -> 0 | BI94: =IFERROR(AP94/SUM($AO94:$BG94),"-") -> 0 | BJ94: =IFERROR(AQ94/SUM($AO94:$BG94),"-") -> 0 | BK94: =IFERROR(AR94/SUM($AO94:$BG94),"-") -> 0.00078219375 | BL94: =IFERROR(AS94/SUM($AO94:$BG94),"-") -> 0 | BM94: =IFERROR(AT94/SUM($AO94:$BG94),"-") -> 0 | BN94: =IFERROR(AU94/SUM($AO94:$BG94),"-") -> 0.99921781 | BO94: =IFERROR(AV94/SUM($AO94:$BG94),"-") -> 0 | ... BZ94: =IFERROR(BG94/SUM($AO94:$BG94),"-") -> 0
A95: 1830 | B95: 1830-3 | C95: 2023 | D95: Brøndbyøster Fjernvarmecentral | E95: 2605 | F95: Brøndby | G95: 153 | H95: 2 | I95: Storkøbenhavns Fjernvarme | J95: 69 | K95: 33269315 | L95: BRØNDBY FJERNVARME A M B A | M95: 1 | N95: FJ | O95: Fjernvarmeværk | P95: Kedel 3 Danstoker/Weishaupt | Q95: Kedel | R95: 353000 | S95: 350030 | T95: fvv | U95: 29221 | W95: HO | X95: BOILER | Y95: YES | Z95: NATURAL GAS | AA95: ACTIVE | AB95: HOB_NG | AD95: 13 | AE95: 0 | AF95: 11.6 | AG95: 11.251198 | AH95: 9.575 | AI95: 9.575 | AJ95: 0 | AK95: 0 | AL95: 1 | AM95: 0 | AN95: 0 | AR95: 0.007174 | AU95: 11.244024 | BH95: =IFERROR(AO95/SUM($AO95:$BG95),"-") -> 0 | BI95: =IFERROR(AP95/SUM($AO95:$BG95),"-") -> 0 | BJ95: =IFERROR(AQ95/SUM($AO95:$BG95),"-") -> 0 | BK95: =IFERROR(AR95/SUM($AO95:$BG95),"-") -> 0.00063762099 | BL95: =IFERROR(AS95/SUM($AO95:$BG95),"-") -> 0 | BM95: =IFERROR(AT95/SUM($AO95:$BG95),"-") -> 0 | BN95: =IFERROR(AU95/SUM($AO95:$BG95),"-") -> 0.99936238 | BO95: =IFERROR(AV95/SUM($AO95:$BG95),"-") -> 0 | ... BZ95: =IFERROR(BG95/SUM($AO95:$BG95),"-") -> 0
A96: 1830 | B96: 1830-1 | C96: 2023 | D96: Brøndbyøster Fjernvarmecentral | E96: 2605 | F96: Brøndby | G96: 153 | H96: 2 | I96: Storkøbenhavns Fjernvarme | J96: 69 | K96: 33269315 | L96: BRØNDBY FJERNVARME A M B A | M96: 1 | N96: FJ | O96: Fjernvarmeværk | P96: Kedel 1 Danstoker/Weishaupt | Q96: Kedel | R96: 353000 | S96: 350030 | T96: fvv | U96: 27395 | W96: HO | X96: BOILER | Y96: YES | Z96: NATURAL GAS | AA96: ACTIVE | AB96: HOB_NG | AD96: 10 | AE96: 0 | AF96: 5.8 | AG96: 4.805133 | AH96: 4.18 | AI96: 4.18 | AJ96: 0 | AK96: 0 | AL96: 1 | AM96: 0 | AN96: 0 | AR96: 0.010761 | AU96: 4.794372 | BH96: =IFERROR(AO96/SUM($AO96:$BG96),"-") -> 0 | BI96: =IFERROR(AP96/SUM($AO96:$BG96),"-") -> 0 | BJ96: =IFERROR(AQ96/SUM($AO96:$BG96),"-") -> 0 | BK96: =IFERROR(AR96/SUM($AO96:$BG96),"-") -> 0.0022394802 | BL96: =IFERROR(AS96/SUM($AO96:$BG96),"-") -> 0 | BM96: =IFERROR(AT96/SUM($AO96:$BG96),"-") -> 0 | BN96: =IFERROR(AU96/SUM($AO96:$BG96),"-") -> 0.99776052 | BO96: =IFERROR(AV96/SUM($AO96:$BG96),"-") -> 0 | ... BZ96: =IFERROR(BG96/SUM($AO96:$BG96),"-") -> 0
A97: 1831 | B97: 1831-3 | C97: 2023 | D97: Brøndbyvester Fjernvarmecentral | E97: 2605 | F97: Brøndby | G97: 153 | H97: 2 | I97: Storkøbenhavns Fjernvarme | J97: 69 | K97: 33269315 | L97: BRØNDBY FJERNVARME A M B A | M97: 1 | N97: FJ | O97: Fjernvarmeværk | P97: Kedel 5 Parca | Q97: Kedel | R97: 353000 | S97: 350030 | T97: fvv | U97: 25204 | W97: HO | X97: BOILER | Y97: YES | Z97: GAS OIL | AA97: ACTIVE | AB97: HOB_GO | AD97: 3.7 | AE97: 0 | AF97: 3.7 | AG97: 0.3791459 | AH97: 0.35 | AI97: 0.35 | AJ97: 0 | AK97: 0 | AL97: 1 | AM97: 0 | AN97: 0 | AR97: 0.3791459 | BH97: =IFERROR(AO97/SUM($AO97:$BG97),"-") -> 0 | BI97: =IFERROR(AP97/SUM($AO97:$BG97),"-") -> 0 | BJ97: =IFERROR(AQ97/SUM($AO97:$BG97),"-") -> 0 | BK97: =IFERROR(AR97/SUM($AO97:$BG97),"-") -> 1 | BL97: =IFERROR(AS97/SUM($AO97:$BG97),"-") -> 0 | BM97: =IFERROR(AT97/SUM($AO97:$BG97),"-") -> 0 | BN97: =IFERROR(AU97/SUM($AO97:$BG97),"-") -> 0 | BO97: =IFERROR(AV97/SUM($AO97:$BG97),"-") -> 0 | ... BZ97: =IFERROR(BG97/SUM($AO97:$BG97),"-") -> 0
A98: 1831 | B98: 1831-1 | C98: 2023 | D98: Brøndbyvester Fjernvarmecentral | E98: 2605 | F98: Brøndby | G98: 153 | H98: 2 | I98: Storkøbenhavns Fjernvarme | J98: 69 | K98: 33269315 | L98: BRØNDBY FJERNVARME A M B A | M98: 1 | N98: FJ | O98: Fjernvarmeværk | P98: Kedel 3 Parca | Q98: Kedel | R98: 353000 | S98: 350030 | T98: fvv | U98: 26299 | W98: HO | X98: BOILER | Y98: YES | Z98: GAS OIL | AA98: ACTIVE | AB98: HOB_GO | AD98: 18.6 | AE98: 0 | AF98: 18.6 | AG98: 2.657967 | AH98: 2.48 | AI98: 2.48 | AJ98: 0 | AK98: 0 | AL98: 1 | AM98: 0 | AN98: 0 | AR98: 2.657967 | BH98: =IFERROR(AO98/SUM($AO98:$BG98),"-") -> 0 | BI98: =IFERROR(AP98/SUM($AO98:$BG98),"-") -> 0 | BJ98: =IFERROR(AQ98/SUM($AO98:$BG98),"-") -> 0 | BK98: =IFERROR(AR98/SUM($AO98:$BG98),"-") -> 1 | BL98: =IFERROR(AS98/SUM($AO98:$BG98),"-") -> 0 | BM98: =IFERROR(AT98/SUM($AO98:$BG98),"-") -> 0 | BN98: =IFERROR(AU98/SUM($AO98:$BG98),"-") -> 0 | BO98: =IFERROR(AV98/SUM($AO98:$BG98),"-") -> 0 | ... BZ98: =IFERROR(BG98/SUM($AO98:$BG98),"-") -> 0
A99: 1831 | B99: 1831-2 | C99: 2023 | D99: Brøndbyvester Fjernvarmecentral | E99: 2605 | F99: Brøndby | G99: 153 | H99: 2 | I99: Storkøbenhavns Fjernvarme | J99: 69 | K99: 33269315 | L99: BRØNDBY FJERNVARME A M B A | M99: 1 | N99: FJ | O99: Fjernvarmeværk | P99: Kedel 4 Parca | Q99: Kedel | R99: 353000 | S99: 350030 | T99: fvv | U99: 25204 | W99: HO | X99: BOILER | Y99: YES | Z99: GAS OIL | AA99: ACTIVE | AB99: HOB_GO | AD99: 9.3 | AE99: 0 | AF99: 9.3 | AG99: 1.334364 | AH99: 1.24 | AI99: 1.24 | AJ99: 0 | AK99: 0 | AL99: 1 | AM99: 0 | AN99: 0 | AR99: 1.334364 | BH99: =IFERROR(AO99/SUM($AO99:$BG99),"-") -> 0 | BI99: =IFERROR(AP99/SUM($AO99:$BG99),"-") -> 0 | BJ99: =IFERROR(AQ99/SUM($AO99:$BG99),"-") -> 0 | BK99: =IFERROR(AR99/SUM($AO99:$BG99),"-") -> 1 | BL99: =IFERROR(AS99/SUM($AO99:$BG99),"-") -> 0 | BM99: =IFERROR(AT99/SUM($AO99:$BG99),"-") -> 0 | BN99: =IFERROR(AU99/SUM($AO99:$BG99),"-") -> 0 | BO99: =IFERROR(AV99/SUM($AO99:$BG99),"-") -> 0 | ... BZ99: =IFERROR(BG99/SUM($AO99:$BG99),"-") -> 0
A100: 1832 | B100: 1832-3 | C100: 2023 | D100: Brøndby Strand Fjernvarmecentral | E100: 2660 | F100: Brøndby Strand | G100: 153 | H100: 2 | I100: Storkøbenhavns Fjernvarme | J100: 69 | K100: 33269315 | L100: BRØNDBY FJERNVARME A M B A | M100: 1 | N100: FJ | O100: Fjernvarmeværk | P100: Kedel 5 ECO B | Q100: Kedel | R100: 353000 | S100: 350030 | T100: fvv | U100: 31048 | W100: HO | X100: BOILER | Y100: YES | Z100: NATURAL GAS | AA100: ACTIVE | AB100: HOB_NG | AD100: 32.5 | AE100: 0 | AF100: 32.5 | AG100: 23.843556 | AH100: 21.1 | AI100: 21.1 | AJ100: 0 | AK100: 0 | AL100: 1 | AM100: 0 | AN100: 0 | AU100: 23.843556 | BH100: =IFERROR(AO100/SUM($AO100:$BG100),"-") -> 0 | BI100: =IFERROR(AP100/SUM($AO100:$BG100),"-") -> 0 | BJ100: =IFERROR(AQ100/SUM($AO100:$BG100),"-") -> 0 | BK100: =IFERROR(AR100/SUM($AO100:$BG100),"-") -> 0 | BL100: =IFERROR(AS100/SUM($AO100:$BG100),"-") -> 0 | BM100: =IFERROR(AT100/SUM($AO100:$BG100),"-") -> 0 | BN100: =IFERROR(AU100/SUM($AO100:$BG100),"-") -> 1 | BO100: =IFERROR(AV100/SUM($AO100:$BG100),"-") -> 0 | ... BZ100: =IFERROR(BG100/SUM($AO100:$BG100),"-") -> 0
...

Sheet filtered_classified_split
A1: vaerk_id | B1: vrkanl_ny | C1: aar | D1: vaerk_navn | E1: vaerk_postnr | F1: vaerk_postdistrikt | G1: vaerk_kommune | H1: fv_net | I1: fv_net_navn | J1: selskab_id | K1: cvr | L1: selskab_navn | M1: kvoteaktivitet | N1: vrktypeid | O1: vrktypenavn | P1: anlaeg_navn | Q1: anlaegstype_navn | R1: DB07 | S1: NR117 | T1: aktoer | U1: idriftdato | V1: skrotdato | W1: CATEGORY | X1: TECHTYPE | Y1: ETS | Z1: MAIN_FUEL | AA1: STATUS | AB1: MODEL_NAME | AC1: COMMENT | AD1: indfyretkapacitet_MW | AE1: elkapacitet_MW | AF1: varmekapacitet_MW | AG1: brutto_TJ | AH1: varmeprod_TJ | AI1: varmelev_TJ | AJ1: elprod_TJ | AK1: ellev_TJ | AL1: andel_varmelev | AM1: andel_el | AN1: andel_process | AO1: kul_TJ | AP1: fuelolie_TJ | AQ1: spildolie_TJ | AR1: gasolie_TJ | AS1: raffinaderigas_TJ | AT1: lpg_TJ | AU1: naturgas_TJ | AV1: affald_TJ | AW1: biogas_TJ | AX1: halm_TJ | AY1: skovflis_TJ | AZ1: trae- og biomasseaffald_TJ | BA1: traepiller_TJ | BB1: bio-olie_TJ | BC1: braendselsfrit_TJ | BD1: solenergi_TJ | BE1: vandkraft_TJ | BF1: elektricitet_TJ | BG1: omgivelsesvarme_TJ | BH1: coal (share) | BI1: fuel-oil (share) | BJ1: waste-oil (share) | BK1: gas-oil (share) | BL1: refinery gas (share) | BM1: LPG (share} | BN1: natural gas (share) | BO1: municipal waste (share) | BP1: biogas (share) | BQ1: straw (share) | BR1: wood chips (share) | BS1: wood waste (share) | BT1: wood pellets (share) | BU1: bio-oil (share) | BV1: fuel-free (share) | BW1: solar (share) | BX1: hydropower (share) | BY1: electricity (share) | BZ1: ambient heat (share) (ambient heat)
A2: 10 | B2: 10-4 | C2: 2023 | D2: Albertslund Varmeværk | E2: 2620 | F2: Albertslund | G2: 165 | H2: 2 | I2: Storkøbenhavns Fjernvarme | J2: 10 | K2: 66137112 | L2: Albertslund Kommune | M2: 1 | N2: FJ | O2: Fjernvarmeværk | P2: Kedel 5 Falk.b. | Q2: Kedel | R2: 353000 | S2: 350030 | T2: fvv | U2: 24108 | W2: HO | X2: BOILER | Y2: YES | Z2: NATURAL GAS | AA2: ACTIVE | AB2: HOB_NG | AD2: 10.1 | AE2: 0 | AF2: 9.3 | AG2: 2.1508419 | AH2: 1.463 | AI2: 1.463 | AJ2: 0 | AK2: 0 | AL2: 1 | AM2: 0 | AN2: 0 | AU2: 2.1508419 | BH2: =IFERROR(AO2/SUM($AO2:$BG2),"-") -> 0 | BI2: =IFERROR(AP2/SUM($AO2:$BG2),"-") -> 0 | BJ2: =IFERROR(AQ2/SUM($AO2:$BG2),"-") -> 0 | BK2: =IFERROR(AR2/SUM($AO2:$BG2),"-") -> 0 | BL2: =IFERROR(AS2/SUM($AO2:$BG2),"-") -> 0 | BM2: =IFERROR(AT2/SUM($AO2:$BG2),"-") -> 0 | BN2: =IFERROR(AU2/SUM($AO2:$BG2),"-") -> 1 | BO2: =IFERROR(AV2/SUM($AO2:$BG2),"-") -> 0 | ... BZ2: =IFERROR(BG2/SUM($AO2:$BG2),"-") -> 0
A3: 10 | B3: 10-5 | C3: 2023 | D3: Albertslund Varmeværk | E3: 2620 | F3: Albertslund | G3: 165 | H3: 2 | I3: Storkøbenhavns Fjernvarme | J3: 10 | K3: 66137112 | L3: Albertslund Kommune | M3: 1 | N3: FJ | O3: Fjernvarmeværk | P3: Kedel 6 Parca | Q3: Kedel | R3: 353000 | S3: 350030 | T3: fvv | U3: 24838 | W3: HO | X3: BOILER | Y3: YES | Z3: GAS OIL | AA3: ACTIVE | AB3: HOB_GO | AD3: 24.754 | AE3: 0 | AF3: 21.888 | AG3: 0.530876 | AH3: 0.446 | AI3: 0.446 | AJ3: 0 | AK3: 0 | AL3: 1 | AM3: 0 | AN3: 0 | AR3: 0.530876 | BH3: =IFERROR(AO3/SUM($AO3:$BG3),"-") -> 0 | BI3: =IFERROR(AP3/SUM($AO3:$BG3),"-") -> 0 | BJ3: =IFERROR(AQ3/SUM($AO3:$BG3),"-") -> 0 | BK3: =IFERROR(AR3/SUM($AO3:$BG3),"-") -> 1 | BL3: =IFERROR(AS3/SUM($AO3:$BG3),"-") -> 0 | BM3: =IFERROR(AT3/SUM($AO3:$BG3),"-") -> 0 | BN3: =IFERROR(AU3/SUM($AO3:$BG3),"-") -> 0 | BO3: =IFERROR(AV3/SUM($AO3:$BG3),"-") -> 0 | ... BZ3: =IFERROR(BG3/SUM($AO3:$BG3),"-") -> 0
A4: 10 | B4: 10-2 | C4: 2023 | D4: Albertslund Varmeværk | E4: 2620 | F4: Albertslund | G4: 165 | H4: 2 | I4: Storkøbenhavns Fjernvarme | J4: 10 | K4: 66137112 | L4: Albertslund Kommune | M4: 1 | N4: FJ | O4: Fjernvarmeværk | P4: Kedel 3 Parca | Q4: Kedel | R4: 353000 | S4: 350030 | T4: fvv | U4: 25934 | W4: HO | X4: BOILER | Y4: YES | Z4: GAS OIL | AA4: ACTIVE | AB4: HOB_GO | AD4: 25.3 | AE4: 0 | AF4: 23.3 | AG4: 0.100436 | AH4: 0.088 | AI4: 0.088 | AJ4: 0 | AK4: 0 | AL4: 1 | AM4: 0 | AN4: 0 | AR4: 0.100436 | BH4: =IFERROR(AO4/SUM($AO4:$BG4),"-") -> 0 | BI4: =IFERROR(AP4/SUM($AO4:$BG4),"-") -> 0 | BJ4: =IFERROR(AQ4/SUM($AO4:$BG4),"-") -> 0 | BK4: =IFERROR(AR4/SUM($AO4:$BG4),"-") -> 1 | BL4: =IFERROR(AS4/SUM($AO4:$BG4),"-") -> 0 | BM4: =IFERROR(AT4/SUM($AO4:$BG4),"-") -> 0 | BN4: =IFERROR(AU4/SUM($AO4:$BG4),"-") -> 0 | BO4: =IFERROR(AV4/SUM($AO4:$BG4),"-") -> 0 | ... BZ4: =IFERROR(BG4/SUM($AO4:$BG4),"-") -> 0
A5: 10 | B5: 10-3 | C5: 2023 | D5: Albertslund Varmeværk | E5: 2620 | F5: Albertslund | G5: 165 | H5: 2 | I5: Storkøbenhavns Fjernvarme | J5: 10 | K5: 66137112 | L5: Albertslund Kommune | M5: 1 | N5: FJ | O5: Fjernvarmeværk | P5: Kedel 4 Falk.b. | Q5: Kedel | R5: 353000 | S5: 350030 | T5: fvv | U5: 24108 | W5: HO | X5: BOILER | Y5: YES | Z5: NATURAL GAS | AA5: ACTIVE | AB5: HOB_NG | AD5: 10.1 | AE5: 0 | AF5: 9.3 | AG5: 1.7896468 | AH5: 1.203 | AI5: 1.203 | AJ5: 0 | AK5: 0 | AL5: 1 | AM5: 0 | AN5: 0 | AU5: 1.7896468 | BH5: =IFERROR(AO5/SUM($AO5:$BG5),"-") -> 0 | BI5: =IFERROR(AP5/SUM($AO5:$BG5),"-") -> 0 | BJ5: =IFERROR(AQ5/SUM($AO5:$BG5),"-") -> 0 | BK5: =IFERROR(AR5/SUM($AO5:$BG5),"-") -> 0 | BL5: =IFERROR(AS5/SUM($AO5:$BG5),"-") -> 0 | BM5: =IFERROR(AT5/SUM($AO5:$BG5),"-") -> 0 | BN5: =IFERROR(AU5/SUM($AO5:$BG5),"-") -> 1 | BO5: =IFERROR(AV5/SUM($AO5:$BG5),"-") -> 0 | ... BZ5: =IFERROR(BG5/SUM($AO5:$BG5),"-") -> 0
A6: 10 | B6: 10-8 | C6: 2023 | D6: Albertslund Varmeværk | E6: 2620 | F6: Albertslund | G6: 165 | H6: 2 | I6: Storkøbenhavns Fjernvarme | J6: 10 | K6: 66137112 | L6: Albertslund Kommune | M6: 1 | N6: FJ | O6: Fjernvarmeværk | P6: Kedel 8A | Q6: Kedel | R6: 353000 | S6: 350030 | T6: fvv | U6: 30317 | W6: HO | X6: BOILER | Y6: YES | Z6: NATURAL GAS | AA6: ACTIVE | AB6: HOB_NG | AD6: 12.6 | AE6: 0 | AF6: 11.6 | AG6: 14.226712 | AH6: 10.706 | AI6: 10.706 | AJ6: 0 | AK6: 0 | AL6: 1 | AM6: 0 | AN6: 0 | AU6: 14.226712 | BH6: =IFERROR(AO6/SUM($AO6:$BG6),"-") -> 0 | BI6: =IFERROR(AP6/SUM($AO6:$BG6),"-") -> 0 | BJ6: =IFERROR(AQ6/SUM($AO6:$BG6),"-") -> 0 | BK6: =IFERROR(AR6/SUM($AO6:$BG6),"-") -> 0 | BL6: =IFERROR(AS6/SUM($AO6:$BG6),"-") -> 0 | BM6: =IFERROR(AT6/SUM($AO6:$BG6),"-") -> 0 | BN6: =IFERROR(AU6/SUM($AO6:$BG6),"-") -> 1 | BO6: =IFERROR(AV6/SUM($AO6:$BG6),"-") -> 0 | ... BZ6: =IFERROR(BG6/SUM($AO6:$BG6),"-") -> 0
A7: 10 | B7: 10-7 | C7: 2023 | D7: Albertslund Varmeværk | E7: 2620 | F7: Albertslund | G7: 165 | H7: 2 | I7: Storkøbenhavns Fjernvarme | J7: 10 | K7: 66137112 | L7: Albertslund Kommune | M7: 1 | N7: FJ | O7: Fjernvarmeværk | P7: Kedel 7B | Q7: Kedel | R7: 353000 | S7: 350030 | T7: fvv | U7: 30317 | W7: HO | X7: BOILER | Y7: YES | Z7: NATURAL GAS | AA7: ACTIVE | AB7: HOB_NG | AD7: 12.6 | AE7: 0 | AF7: 11.6 | AG7: 8.7013987 | AH7: 6.633 | AI7: 6.633 | AJ7: 0 | AK7: 0 | AL7: 1 | AM7: 0 | AN7: 0 | AR7: 0.132719 | AU7: 8.5686797 | BH7: =IFERROR(AO7/SUM($AO7:$BG7),"-") -> 0 | BI7: =IFERROR(AP7/SUM($AO7:$BG7),"-") -> 0 | BJ7: =IFERROR(AQ7/SUM($AO7:$BG7),"-") -> 0 | BK7: =IFERROR(AR7/SUM($AO7:$BG7),"-") -> 0.015252605 | BL7: =IFERROR(AS7/SUM($AO7:$BG7),"-") -> 0 | BM7: =IFERROR(AT7/SUM($AO7:$BG7),"-") -> 0 | BN7: =IFERROR(AU7/SUM($AO7:$BG7),"-") -> 0.98474739 | BO7: =IFERROR(AV7/SUM($AO7:$BG7),"-") -> 0 | ... BZ7: =IFERROR(BG7/SUM($AO7:$BG7),"-") -> 0
A8: 10 | B8: 10-10 | C8: 2023 | D8: Albertslund Varmeværk | E8: 2620 | F8: Albertslund | G8: 165 | H8: 2 | I8: Storkøbenhavns Fjernvarme | J8: 10 | K8: 66137112 | L8: Albertslund Kommune | M8: 1 | N8: FJ | O8: Fjernvarmeværk | P8: Kedel 9 | Q8: Kedel | R8: 353000 | S8: 350030 | T8: fvv | U8: 27030 | W8: HO | X8: BOILER | Y8: YES | Z8: GAS OIL | AA8: ACTIVE | AB8: HOB_GO | AD8: 24.405 | AE8: 0 | AF8: 22.252 | AG8: 0.660008 | AH8: 0.593 | AI8: 0.593 | AJ8: 0 | AK8: 0 | AL8: 1 | AM8: 0 | AN8: 0 | AR8: 0.660008 | BH8: =IFERROR(AO8/SUM($AO8:$BG8),"-") -> 0 | BI8: =IFERROR(AP8/SUM($AO8:$BG8),"-") -> 0 | BJ8: =IFERROR(AQ8/SUM($AO8:$BG8),"-") -> 0 | BK8: =IFERROR(AR8/SUM($AO8:$BG8),"-") -> 1 | BL8: =IFERROR(AS8/SUM($AO8:$BG8),"-") -> 0 | BM8: =IFERROR(AT8/SUM($AO8:$BG8),"-") -> 0 | BN8: =IFERROR(AU8/SUM($AO8:$BG8),"-") -> 0 | BO8: =IFERROR(AV8/SUM($AO8:$BG8),"-") -> 0 | ... BZ8: =IFERROR(BG8/SUM($AO8:$BG8),"-") -> 0
A9: 10 | B9: 10-6 | C9: 2023 | D9: Albertslund Varmeværk | E9: 2620 | F9: Albertslund | G9: 165 | H9: 2 | I9: Storkøbenhavns Fjernvarme | J9: 10 | K9: 66137112 | L9: Albertslund Kommune | M9: 1 | N9: FJ | O9: Fjernvarmeværk | P9: Kedel 7A | Q9: Kedel | R9: 353000 | S9: 350030 | T9: fvv | U9: 30317 | W9: HO | X9: BOILER | Y9: YES | Z9: NATURAL GAS | AA9: ACTIVE | AB9: HOB_NG | AD9: 12.6 | AE9: 0 | AF9: 11.6 | AG9: 7.8859242 | AH9: 5.367 | AI9: 5.367 | AJ9: 0 | AK9: 0 | AL9: 1 | AM9: 0 | AN9: 0 | AU9: 7.8859242 | BH9: =IFERROR(AO9/SUM($AO9:$BG9),"-") -> 0 | BI9: =IFERROR(AP9/SUM($AO9:$BG9),"-") -> 0 | BJ9: =IFERROR(AQ9/SUM($AO9:$BG9),"-") -> 0 | BK9: =IFERROR(AR9/SUM($AO9:$BG9),"-") -> 0 | BL9: =IFERROR(AS9/SUM($AO9:$BG9),"-") -> 0 | BM9: =IFERROR(AT9/SUM($AO9:$BG9),"-") -> 0 | BN9: =IFERROR(AU9/SUM($AO9:$BG9),"-") -> 1 | BO9: =IFERROR(AV9/SUM($AO9:$BG9),"-") -> 0 | ... BZ9: =IFERROR(BG9/SUM($AO9:$BG9),"-") -> 0
A10: 10 | B10: 10-9 | C10: 2023 | D10: Albertslund Varmeværk | E10: 2620 | F10: Albertslund | G10: 165 | H10: 2 | I10: Storkøbenhavns Fjernvarme | J10: 10 | K10: 66137112 | L10: Albertslund Kommune | M10: 1 | N10: FJ | O10: Fjernvarmeværk | P10: Kedel 8B | Q10: Kedel | R10: 353000 | S10: 350030 | T10: fvv | U10: 30317 | W10: HO | X10: BOILER | Y10: YES | Z10: NATURAL GAS | AA10: ACTIVE | AB10: HOB_NG | AD10: 12.6 | AE10: 0 | AF10: 11.6 | AG10: 12.077912 | AH10: 8.715 | AI10: 8.715 | AJ10: 0 | AK10: 0 | AL10: 1 | AM10: 0 | AN10: 0 | AR10: 0.060979 | AU10: 12.016933 | BH10: =IFERROR(AO10/SUM($AO10:$BG10),"-") -> 0 | BI10: =IFERROR(AP10/SUM($AO10:$BG10),"-") -> 0 | BJ10: =IFERROR(AQ10/SUM($AO10:$BG10),"-") -> 0 | BK10: =IFERROR(AR10/SUM($AO10:$BG10),"-") -> 0.0050488032 | BL10: =IFERROR(AS10/SUM($AO10:$BG10),"-") -> 0 | BM10: =IFERROR(AT10/SUM($AO10:$BG10),"-") -> 0 | BN10: =IFERROR(AU10/SUM($AO10:$BG10),"-") -> 0.9949512 | BO10: =IFERROR(AV10/SUM($AO10:$BG10),"-") -> 0 | ... BZ10: =IFERROR(BG10/SUM($AO10:$BG10),"-") -> 0
A11: 73 | B11: 73-1 | C11: 2023 | D11: CTR, Nybrovej Centralen | E11: 2820 | F11: Gentofte | G11: 157 | H11: 2 | I11: Storkøbenhavns Fjernvarme | J11: 77 | K11: 74132111 | L11: CTR I/S | M11: 1 | N11: FJ | O11: Fjernvarmeværk | P11: NYC 1 kedel | Q11: Kedel | R11: 353000 | S11: 350030 | T11: fvv | U11: 31413 | AE11: 0 | AG11: 2.1920035 | AH11: 1.73175 | AI11: 1.73175 | AJ11: 0 | AK11: 0 | AL11: 1 | AM11: 0 | AN11: 0 | AR11: 0.26138469 | AU11: 1.9306188 | BH11: =IFERROR(AO11/SUM($AO11:$BG11),"-") -> 0 | BI11: =IFERROR(AP11/SUM($AO11:$BG11),"-") -> 0 | BJ11: =IFERROR(AQ11/SUM($AO11:$BG11),"-") -> 0 | BK11: =IFERROR(AR11/SUM($AO11:$BG11),"-") -> 0.11924465 | BL11: =IFERROR(AS11/SUM($AO11:$BG11),"-") -> 0 | BM11: =IFERROR(AT11/SUM($AO11:$BG11),"-") -> 0 | BN11: =IFERROR(AU11/SUM($AO11:$BG11),"-") -> 0.88075535 | BO11: =IFERROR(AV11/SUM($AO11:$BG11),"-") -> 0 | ... BZ11: =IFERROR(BG11/SUM($AO11:$BG11),"-") -> 0
W12: HO | X12: BOILER | Y12: YES | Z12: GAS OIL | AA12: ACTIVE | AB12: HOB_GO | AC12: split from 73-1 | AD12: =filtered_classified!AD11*filtered_classified!BK11 -> 1.5144071 | AF12: =filtered_classified!AF11*filtered_classified!BK11 -> 1.3832379
W13: HO | X13: BOILER | Y13: YES | Z13: NATURAL GAS | AA13: ACTIVE | AB13: HOB_NG | AC13: split from 73-1 | AD13: =filtered_classified!AD11*filtered_classified!BN11 -> 11.185593 | AF13: =filtered_classified!AF11*filtered_classified!BN11 -> 10.216762
A14: 73 | B14: 73-2 | C14: 2023 | D14: CTR, Nybrovej Centralen | E14: 2820 | F14: Gentofte | G14: 157 | H14: 2 | I14: Storkøbenhavns Fjernvarme | J14: 77 | K14: 74132111 | L14: CTR I/S | M14: 1 | N14: FJ | O14: Fjernvarmeværk | P14: NYC 2 kedel | Q14: Kedel | R14: 353000 | S14: 350030 | T14: fvv | U14: 31413 | W14: HO | X14: BOILER | Y14: YES | Z14: GAS OIL | AA14: ACTIVE | AB14: HOB_GO | AD14: 12.7 | AE14: 0 | AF14: 11.6 | AG14: 1.0842066 | AH14: 0.85654 | AI14: 0.85654 | AJ14: 0 | AK14: 0 | AL14: 1 | AM14: 0 | AN14: 0 | AR14: 1.0842066 | BH14: =IFERROR(AO14/SUM($AO14:$BG14),"-") -> 0 | BI14: =IFERROR(AP14/SUM($AO14:$BG14),"-") -> 0 | BJ14: =IFERROR(AQ14/SUM($AO14:$BG14),"-") -> 0 | BK14: =IFERROR(AR14/SUM($AO14:$BG14),"-") -> 1 | BL14: =IFERROR(AS14/SUM($AO14:$BG14),"-") -> 0 | BM14: =IFERROR(AT14/SUM($AO14:$BG14),"-") -> 0 | BN14: =IFERROR(AU14/SUM($AO14:$BG14),"-") -> 0 | BO14: =IFERROR(AV14/SUM($AO14:$BG14),"-") -> 0 | ... BZ14: =IFERROR(BG14/SUM($AO14:$BG14),"-") -> 0
A15: 73 | B15: 73-3 | C15: 2023 | D15: CTR, Nybrovej Centralen | E15: 2820 | F15: Gentofte | G15: 157 | H15: 2 | I15: Storkøbenhavns Fjernvarme | J15: 77 | K15: 74132111 | L15: CTR I/S | M15: 1 | N15: FJ | O15: Fjernvarmeværk | P15: Elkedel | Q15: Elpatron | R15: 353000 | S15: 350030 | T15: fvv | U15: 43831 | W15: HO | X15: BOILER | Y15: YES | Z15: ELECTRICITY | AA15: ACTIVE | AB15: HOB_EL | AD15: 40 | AE15: 0 | AF15: 40 | AG15: 40.644708 | AH15: 40.644708 | AI15: 40.644708 | AJ15: 0 | AK15: 0 | AL15: 1 | AM15: 0 | AN15: 0 | BF15: 40.644708 | BH15: =IFERROR(AO15/SUM($AO15:$BG15),"-") -> 0 | BI15: =IFERROR(AP15/SUM($AO15:$BG15),"-") -> 0 | BJ15: =IFERROR(AQ15/SUM($AO15:$BG15),"-") -> 0 | BK15: =IFERROR(AR15/SUM($AO15:$BG15),"-") -> 0 | BL15: =IFERROR(AS15/SUM($AO15:$BG15),"-") -> 0 | BM15: =IFERROR(AT15/SUM($AO15:$BG15),"-") -> 0 | BN15: =IFERROR(AU15/SUM($AO15:$BG15),"-") -> 0 | BO15: =IFERROR(AV15/SUM($AO15:$BG15),"-") -> 0 | ... BZ15: =IFERROR(BG15/SUM($AO15:$BG15),"-") -> 0
A16: 74 | B16: 74-1 | C16: 2023 | D16: CTR, Spidslastcentral Phistersvej | E16: 2900 | F16: Hellerup | G16: 157 | H16: 2 | I16: Storkøbenhavns Fjernvarme | J16: 77 | K16: 74132111 | L16: CTR I/S | M16: 1 | N16: FJ | O16: Fjernvarmeværk | P16: PHC 1 kedel | Q16: Kedel | R16: 353000 | S16: 350030 | T16: fvv | U16: 32143 | W16: HO | X16: BOILER | Y16: YES | Z16: GAS OIL | AA16: ACTIVE | AB16: HOB_GO | AD16: 14.9 | AE16: 0 | AF16: 13.6 | AG16: 41.784748 | AH16: 38.63924 | AI16: 38.63924 | AJ16: 0 | AK16: 0 | AL16: 1 | AM16: 0 | AN16: 0 | AR16: 41.784748 | BH16: =IFERROR(AO16/SUM($AO16:$BG16),"-") -> 0 | BI16: =IFERROR(AP16/SUM($AO16:$BG16),"-") -> 0 | BJ16: =IFERROR(AQ16/SUM($AO16:$BG16),"-") -> 0 | BK16: =IFERROR(AR16/SUM($AO16:$BG16),"-") -> 1 | BL16: =IFERROR(AS16/SUM($AO16:$BG16),"-") -> 0 | BM16: =IFERROR(AT16/SUM($AO16:$BG16),"-") -> 0 | BN16: =IFERROR(AU16/SUM($AO16:$BG16),"-") -> 0 | BO16: =IFERROR(AV16/SUM($AO16:$BG16),"-") -> 0 | ... BZ16: =IFERROR(BG16/SUM($AO16:$BG16),"-") -> 0
A17: 74 | B17: 74-2 | C17: 2023 | D17: CTR, Spidslastcentral Phistersvej | E17: 2900 | F17: Hellerup | G17: 157 | H17: 2 | I17: Storkøbenhavns Fjernvarme | J17: 77 | K17: 74132111 | L17: CTR I/S | M17: 1 | N17: FJ | O17: Fjernvarmeværk | P17: PHC2 kedel | Q17: Kedel | R17: 353000 | S17: 350030 | T17: fvv | U17: 32143 | W17: HO | X17: BOILER | Y17: YES | Z17: GAS OIL | AA17: ACTIVE | AB17: HOB_GO | AD17: 14.9 | AE17: 0 | AF17: 13.6 | AG17: 43.005153 | AH17: 39.76776 | AI17: 39.76776 | AJ17: 0 | AK17: 0 | AL17: 1 | AM17: 0 | AN17: 0 | AR17: 43.005153 | BH17: =IFERROR(AO17/SUM($AO17:$BG17),"-") -> 0 | BI17: =IFERROR(AP17/SUM($AO17:$BG17),"-") -> 0 | BJ17: =IFERROR(AQ17/SUM($AO17:$BG17),"-") -> 0 | BK17: =IFERROR(AR17/SUM($AO17:$BG17),"-") -> 1 | BL17: =IFERROR(AS17/SUM($AO17:$BG17),"-") -> 0 | BM17: =IFERROR(AT17/SUM($AO17:$BG17),"-") -> 0 | BN17: =IFERROR(AU17/SUM($AO17:$BG17),"-") -> 0 | BO17: =IFERROR(AV17/SUM($AO17:$BG17),"-") -> 0 | ... BZ17: =IFERROR(BG17/SUM($AO17:$BG17),"-") -> 0
A18: 121 | B18: 121-10 | C18: 2023 | D18: Frederiksberg Varmecentral | E18: 2000 | F18: Frederiksberg | G18: 147 | H18: 2 | I18: Storkøbenhavns Fjernvarme | J18: 77 | K18: 74132111 | L18: CTR I/S | M18: 1 | N18: FJ | O18: Fjernvarmeværk | P18: FVC2-4 kedel | Q18: Kedel | R18: 353000 | S18: 350030 | T18: fvv | U18: 36404 | W18: HO | X18: BOILER | Y18: YES | Z18: GAS OIL | AA18: ACTIVE | AB18: HOB_GO | AD18: 54 | AE18: 0 | AF18: 50 | AG18: 1.1959058 | AH18: 0.87421 | AI18: 0.87421 | AJ18: 0 | AK18: 0 | AL18: 1 | AM18: 0 | AN18: 0 | AR18: 1.1959058 | BH18: =IFERROR(AO18/SUM($AO18:$BG18),"-") -> 0 | BI18: =IFERROR(AP18/SUM($AO18:$BG18),"-") -> 0 | BJ18: =IFERROR(AQ18/SUM($AO18:$BG18),"-") -> 0 | BK18: =IFERROR(AR18/SUM($AO18:$BG18),"-") -> 1 | BL18: =IFERROR(AS18/SUM($AO18:$BG18),"-") -> 0 | BM18: =IFERROR(AT18/SUM($AO18:$BG18),"-") -> 0 | BN18: =IFERROR(AU18/SUM($AO18:$BG18),"-") -> 0 | BO18: =IFERROR(AV18/SUM($AO18:$BG18),"-") -> 0 | ... BZ18: =IFERROR(BG18/SUM($AO18:$BG18),"-") -> 0
A19: 121 | B19: 121-8 | C19: 2023 | D19: Frederiksberg Varmecentral | E19: 2000 | F19: Frederiksberg | G19: 147 | H19: 2 | I19: Storkøbenhavns Fjernvarme | J19: 77 | K19: 74132111 | L19: CTR I/S | M19: 1 | N19: FJ | O19: Fjernvarmeværk | P19: FVC2-2 kedel | Q19: Kedel | R19: 353000 | S19: 350030 | T19: fvv | U19: 35065 | W19: HO | X19: BOILER | Y19: YES | Z19: GAS OIL | AA19: ACTIVE | AB19: HOB_GO | AD19: 54 | AE19: 0 | AF19: 50 | AG19: 7.6727723 | AH19: 5.60873 | AI19: 5.60873 | AJ19: 0 | AK19: 0 | AL19: 1 | AM19: 0 | AN19: 0 | AR19: 7.6727723 | BH19: =IFERROR(AO19/SUM($AO19:$BG19),"-") -> 0 | BI19: =IFERROR(AP19/SUM($AO19:$BG19),"-") -> 0 | BJ19: =IFERROR(AQ19/SUM($AO19:$BG19),"-") -> 0 | BK19: =IFERROR(AR19/SUM($AO19:$BG19),"-") -> 1 | BL19: =IFERROR(AS19/SUM($AO19:$BG19),"-") -> 0 | BM19: =IFERROR(AT19/SUM($AO19:$BG19),"-") -> 0 | BN19: =IFERROR(AU19/SUM($AO19:$BG19),"-") -> 0 | BO19: =IFERROR(AV19/SUM($AO19:$BG19),"-") -> 0 | ... BZ19: =IFERROR(BG19/SUM($AO19:$BG19),"-") -> 0
A20: 121 | B20: 121-7 | C20: 2023 | D20: Frederiksberg Varmecentral | E20: 2000 | F20: Frederiksberg | G20: 147 | H20: 2 | I20: Storkøbenhavns Fjernvarme | J20: 77 | K20: 74132111 | L20: CTR I/S | M20: 1 | N20: FJ | O20: Fjernvarmeværk | P20: FVC2-1 kedel | Q20: Kedel | R20: 353000 | S20: 350030 | T20: fvv | U20: 35065 | W20: HO | X20: BOILER | Y20: YES | Z20: GAS OIL | AA20: ACTIVE | AB20: HOB_GO | AD20: 54 | AE20: 0 | AF20: 50 | AG20: 4.5234222 | AH20: 3.30659 | AI20: 3.30659 | AJ20: 0 | AK20: 0 | AL20: 1 | AM20: 0 | AN20: 0 | AR20: 4.5234222 | BH20: =IFERROR(AO20/SUM($AO20:$BG20),"-") -> 0 | BI20: =IFERROR(AP20/SUM($AO20:$BG20),"-") -> 0 | BJ20: =IFERROR(AQ20/SUM($AO20:$BG20),"-") -> 0 | BK20: =IFERROR(AR20/SUM($AO20:$BG20),"-") -> 1 | BL20: =IFERROR(AS20/SUM($AO20:$BG20),"-") -> 0 | BM20: =IFERROR(AT20/SUM($AO20:$BG20),"-") -> 0 | BN20: =IFERROR(AU20/SUM($AO20:$BG20),"-") -> 0 | BO20: =IFERROR(AV20/SUM($AO20:$BG20),"-") -> 0 | ... BZ20: =IFERROR(BG20/SUM($AO20:$BG20),"-") -> 0
A21: 121 | B21: 121-9 | C21: 2023 | D21: Frederiksberg Varmecentral | E21: 2000 | F21: Frederiksberg | G21: 147 | H21: 2 | I21: Storkøbenhavns Fjernvarme | J21: 77 | K21: 74132111 | L21: CTR I/S | M21: 1 | N21: FJ | O21: Fjernvarmeværk | P21: FVC2-3 kedel | Q21: Kedel | R21: 353000 | S21: 350030 | T21: fvv | U21: 36404 | W21: HO | X21: BOILER | Y21: YES | Z21: GAS OIL | AA21: ACTIVE | AB21: HOB_GO | AD21: 54 | AE21: 0 | AF21: 50 | AG21: 9.0294834 | AH21: 6.60047 | AI21: 6.60047 | AJ21: 0 | AK21: 0 | AL21: 1 | AM21: 0 | AN21: 0 | AR21: 9.0294834 | BH21: =IFERROR(AO21/SUM($AO21:$BG21),"-") -> 0 | BI21: =IFERROR(AP21/SUM($AO21:$BG21),"-") -> 0 | BJ21: =IFERROR(AQ21/SUM($AO21:$BG21),"-") -> 0 | BK21: =IFERROR(AR21/SUM($AO21:$BG21),"-") -> 1 | BL21: =IFERROR(AS21/SUM($AO21:$BG21),"-") -> 0 | BM21: =IFERROR(AT21/SUM($AO21:$BG21),"-") -> 0 | BN21: =IFERROR(AU21/SUM($AO21:$BG21),"-") -> 0 | BO21: =IFERROR(AV21/SUM($AO21:$BG21),"-") -> 0 | ... BZ21: =IFERROR(BG21/SUM($AO21:$BG21),"-") -> 0
A22: 244 | B22: 244-2 | C22: 2023 | D22: I/S Amager Ressourcecenter | E22: 2300 | F22: København S | G22: 101 | H22: 2 | I22: Storkøbenhavns Fjernvarme | J22: 236 | K22: 34208115 | L22: I/S Amager Ressourcecenter | M22: 1 | N22: ER | O22: Erhvervsværk | P22: 2 ovne &#43; 1 turbine | Q22: Dampturbine | R22: 382120 | S22: 383900 | T22: pev | U22: 42835 | W22: CHP | X22: STEAM_TURBINE | Y22: YES | Z22: MUNICIPAL WASTE | AA22: ACTIVE | AB22: ARC | AC22: assumed to be mono-fuel | AD22: 224 | AE22: 62 | AF22: 190 | AG22: 7239.6378 | AH22: 4677.9444 | AI22: 4677.9084 | AJ22: 1209.5705 | AK22: 1024.5154 | AL22: 0.51692182 | AM22: 0.48307421 | AN22: 3.9781e-06 | AR22: 51.516602 | AV22: 5550.5853 | AZ22: 1637.5359 | BH22: =IFERROR(AO22/SUM($AO22:$BG22),"-") -> 0 | BI22: =IFERROR(AP22/SUM($AO22:$BG22),"-") -> 0 | BJ22: =IFERROR(AQ22/SUM($AO22:$BG22),"-") -> 0 | BK22: =IFERROR(AR22/SUM($AO22:$BG22),"-") -> 0.0071159087 | BL22: =IFERROR(AS22/SUM($AO22:$BG22),"-") -> 0 | BM22: =IFERROR(AT22/SUM($AO22:$BG22),"-") -> 0 | BN22: =IFERROR(AU22/SUM($AO22:$BG22),"-") -> 0 | BO22: =IFERROR(AV22/SUM($AO22:$BG22),"-") -> 0.76669378 | ... BZ22: =IFERROR(BG22/SUM($AO22:$BG22),"-") -> 0
A23: 255 | B23: 255-2 | C23: 2023 | D23: ARGO Roskilde KraftVarmeVærk | E23: 4000 | F23: Roskilde | G23: 265 | H23: 2 | I23: Storkøbenhavns Fjernvarme | J23: 245 | K23: 13507406 | L23: ARGO I/S | M23: 1 | N23: ER | O23: Erhvervsværk | P23: Anlæg 5 | Q23: Dampturbine | R23: 382110 | S23: 383900 | T23: pev | U23: 36161 | W23: CHP | X23: STEAM_TURBINE | Y23: YES | Z23: MUNICIPAL WASTE | AA23: ACTIVE | AB23: ARGO5 | AD23: 65.1 | AE23: 13.7 | AF23: 45 | AG23: 1820.0965 | AH23: 1156.78 | AI23: 1156.78 | AJ23: 326.5848 | AK23: 281.97056 | AL23: 0.50844778 | AM23: 0.49155222 | AN23: 0 | AU23: 19.824354 | AV23: 1800.2721 | BH23: =IFERROR(AO23/SUM($AO23:$BG23),"-") -> 0 | BI23: =IFERROR(AP23/SUM($AO23:$BG23),"-") -> 0 | BJ23: =IFERROR(AQ23/SUM($AO23:$BG23),"-") -> 0 | BK23: =IFERROR(AR23/SUM($AO23:$BG23),"-") -> 0 | BL23: =IFERROR(AS23/SUM($AO23:$BG23),"-") -> 0 | BM23: =IFERROR(AT23/SUM($AO23:$BG23),"-") -> 0 | BN23: =IFERROR(AU23/SUM($AO23:$BG23),"-") -> 0.010891925 | BO23: =IFERROR(AV23/SUM($AO23:$BG23),"-") -> 0.98910808 | ... BZ23: =IFERROR(BG23/SUM($AO23:$BG23),"-") -> 0
A24: 255 | B24: 255-3 | C24: 2023 | D24: ARGO Roskilde KraftVarmeVærk | E24: 4000 | F24: Roskilde | G24: 265 | H24: 2 | I24: Storkøbenhavns Fjernvarme | J24: 245 | K24: 13507406 | L24: ARGO I/S | M24: 1 | N24: ER | O24: Erhvervsværk | P24: Anlæg 6 (Energitårnet) | Q24: Dampturbine | R24: 382110 | S24: 383900 | T24: pev | U24: 41514 | W24: CHP | X24: STEAM_TURBINE | Y24: YES | Z24: MUNICIPAL WASTE | AA24: ACTIVE | AB24: ARGO6 | AD24: 73 | AE24: 19.4 | AF24: 51.8 | AG24: 2118.7322 | AH24: 1563.099 | AI24: 1563.099 | AJ24: 432.0684 | AK24: 370.78956 | AL24: 0.59020163 | AM24: 0.40979837 | AN24: 0 | AR24: 6.8518874 | AV24: 2111.8803 | BH24: =IFERROR(AO24/SUM($AO24:$BG24),"-") -> 0 | BI24: =IFERROR(AP24/SUM($AO24:$BG24),"-") -> 0 | BJ24: =IFERROR(AQ24/SUM($AO24:$BG24),"-") -> 0 | BK24: =IFERROR(AR24/SUM($AO24:$BG24),"-") -> 0.0032339563 | BL24: =IFERROR(AS24/SUM($AO24:$BG24),"-") -> 0 | BM24: =IFERROR(AT24/SUM($AO24:$BG24),"-") -> 0 | BN24: =IFERROR(AU24/SUM($AO24:$BG24),"-") -> 0 | BO24: =IFERROR(AV24/SUM($AO24:$BG24),"-") -> 0.99676604 | ... BZ24: =IFERROR(BG24/SUM($AO24:$BG24),"-") -> 0
A25: 269 | B25: 269-1 | C25: 2023 | D25: Avedøreværket | E25: 2650 | F25: Hvidovre | G25: 167 | H25: 2 | I25: Storkøbenhavns Fjernvarme | J25: 2161 | K25: 27446469 | L25: Ørsted Bioenergy & Thermal Power A/S | M25: 1 | N25: CE | O25: Centralt værk | P25: AVV1 Dampturbine | Q25: Dampturbine | R25: 351100 | S25: 350010 | T25: cev | U25: 32874 | W25: CHP | X25: STEAM_TURBINE | Y25: YES | Z25: WOOD PELLETS | AA25: ACTIVE | AB25: AVV1 | AD25: 624 | AE25: 257.6 | AF25: 353.5 | AG25: 8765.4588 | AH25: 3288.217 | AI25: 3277.0316 | AJ25: 3235.3596 | AK25: 2978.7008 | AL25: 0.30010678 | AM25: 0.69989322 | AN25: 0 | AO25: 0.019365693 | AP25: 35.76072 | AR25: 14.923713 | BA25: 8714.755 | BH25: =IFERROR(AO25/SUM($AO25:$BG25),"-") -> 2.2093188e-06 | BI25: =IFERROR(AP25/SUM($AO25:$BG25),"-") -> 0.0040797317 | BJ25: =IFERROR(AQ25/SUM($AO25:$BG25),"-") -> 0 | BK25: =IFERROR(AR25/SUM($AO25:$BG25),"-") -> 0.0017025593 | BL25: =IFERROR(AS25/SUM($AO25:$BG25),"-") -> 0 | BM25: =IFERROR(AT25/SUM($AO25:$BG25),"-") -> 0 | BN25: =IFERROR(AU25/SUM($AO25:$BG25),"-") -> 0 | BO25: =IFERROR(AV25/SUM($AO25:$BG25),"-") -> 0 | ... BZ25: =IFERROR(BG25/SUM($AO25:$BG25),"-") -> 0
A26: 269 | B26: 269-2 | C26: 2023 | D26: Avedøreværket | E26: 2650 | F26: Hvidovre | G26: 167 | H26: 2 | I26: Storkøbenhavns Fjernvarme | J26: 2161 | K26: 27446469 | L26: Ørsted Bioenergy & Thermal Power A/S | M26: 1 | N26: CE | O26: Centralt værk | P26: AVV2 Kombianlæg | Q26: Kombianlæg | R26: 351100 | S26: 350010 | T26: cev | U26: 36892 | W26: CHP | X26: COMBINED_CYCLE | Y26: YES | Z26: WOOD PELLETS | AA26: ACTIVE | AB26: AVV2 | AC26: assumed to be mono-fuel | AD26: 1168 | AE26: 548 | AF26: 583 | AG26: 13289.213 | AH26: 5398.865 | AI26: 5371.4244 | AJ26: 4807.1988 | AK26: 4411.877 | AL26: 0.32500735 | AM26: 0.67499265 | AN26: 0 | AO26: 0.01889758 | AR26: 0.315656 | AU26: 434.84918 | AX26: 1609.3695 | BA26: 11244.66 | BH26: =IFERROR(AO26/SUM($AO26:$BG26),"-") -> 1.422024e-06 | BI26: =IFERROR(AP26/SUM($AO26:$BG26),"-") -> 0 | BJ26: =IFERROR(AQ26/SUM($AO26:$BG26),"-") -> 0 | BK26: =IFERROR(AR26/SUM($AO26:$BG26),"-") -> 2.3752798e-05 | BL26: =IFERROR(AS26/SUM($AO26:$BG26),"-") -> 0 | BM26: =IFERROR(AT26/SUM($AO26:$BG26),"-") -> 0 | BN26: =IFERROR(AU26/SUM($AO26:$BG26),"-") -> 0.032721966 | BO26: =IFERROR(AV26/SUM($AO26:$BG26),"-") -> 0 | ... BZ26: =IFERROR(BG26/SUM($AO26:$BG26),"-") -> 0
A27: 269 | B27: 269-7 | C27: 2023 | D27: Avedøreværket | E27: 2650 | F27: Hvidovre | G27: 167 | H27: 2 | I27: Storkøbenhavns Fjernvarme | J27: 2161 | K27: 27446469 | L27: Ørsted Bioenergy & Thermal Power A/S | M27: 1 | N27: CE | O27: Centralt værk | P27: AVV EL-patron Damppudegenerator | Q27: Elpatron | R27: 351100 | S27: 350010 | T27: fvv | U27: 33756 | W27: HO | X27: BOILER | Y27: YES | Z27: ELECTRICITY | AA27: ACTIVE | AB27: HOB_EL | AD27: 0.015 | AE27: 0 | AF27: 0.015 | AG27: 0 | AH27: 0 | AI27: 0 | AJ27: 0 | AK27: 0 | AL27: 1 | AM27: 0 | AN27: 0 | BF27: 0 | BH27: =IFERROR(AO27/SUM($AO27:$BG27),"-") -> - | BI27: =IFERROR(AP27/SUM($AO27:$BG27),"-") -> - | BJ27: =IFERROR(AQ27/SUM($AO27:$BG27),"-") -> - | BK27: =IFERROR(AR27/SUM($AO27:$BG27),"-") -> - | BL27: =IFERROR(AS27/SUM($AO27:$BG27),"-") -> - | BM27: =IFERROR(AT27/SUM($AO27:$BG27),"-") -> - | BN27: =IFERROR(AU27/SUM($AO27:$BG27),"-") -> - | BO27: =IFERROR(AV27/SUM($AO27:$BG27),"-") -> - | ... BZ27: =IFERROR(BG27/SUM($AO27:$BG27),"-") -> -
A28: 285 | B28: 285-11 | C28: 2023 | D28: I/S Vestforbrænding | E28: 2600 | F28: Glostrup | G28: 161 | H28: 2 | I28: Storkøbenhavns Fjernvarme | J28: 259 | K28: 10866111 | L28: I/S VESTFORBRÆNDING | M28: 1 | N28: ER | O28: Erhvervsværk | P28: Anlæg 6 - dampturbine | Q28: Dampturbine | R28: 382120 | S28: 383900 | T28: pev | U28: 38261 | W28: CHP | X28: STEAM_TURBINE | Y28: YES | Z28: MUNICIPAL WASTE | AA28: ACTIVE | AB28: VF6 | AD28: 111.76 | AE28: 22 | AF28: 73 | AG28: 2692.3832 | AH28: 2297.502 | AI28: 2281.8276 | AJ28: 435.9132 | AK28: 370.4976 | AL28: 0.63291947 | AM28: 0.36273286 | AN28: 0.0043476698 | AU28: 25.160929 | AV28: 2667.2223 | BH28: =IFERROR(AO28/SUM($AO28:$BG28),"-") -> 0 | BI28: =IFERROR(AP28/SUM($AO28:$BG28),"-") -> 0 | BJ28: =IFERROR(AQ28/SUM($AO28:$BG28),"-") -> 0 | BK28: =IFERROR(AR28/SUM($AO28:$BG28),"-") -> 0 | BL28: =IFERROR(AS28/SUM($AO28:$BG28),"-") -> 0 | BM28: =IFERROR(AT28/SUM($AO28:$BG28),"-") -> 0 | BN28: =IFERROR(AU28/SUM($AO28:$BG28),"-") -> 0.0093452258 | BO28: =IFERROR(AV28/SUM($AO28:$BG28),"-") -> 0.99065477 | ... BZ28: =IFERROR(BG28/SUM($AO28:$BG28),"-") -> 0
A29: 285 | B29: 285-10 | C29: 2023 | D29: I/S Vestforbrænding | E29: 2600 | F29: Glostrup | G29: 161 | H29: 2 | I29: Storkøbenhavns Fjernvarme | J29: 259 | K29: 10866111 | L29: I/S VESTFORBRÆNDING | M29: 1 | N29: ER | O29: Erhvervsværk | P29: Anlæg 5 - dampturbine | Q29: Dampturbine | R29: 382120 | S29: 383900 | T29: pev | U29: 36136 | W29: CHP | X29: STEAM_TURBINE | Y29: YES | Z29: MUNICIPAL WASTE | AA29: ACTIVE | AB29: VF5 | AD29: 84.71 | AE29: 17 | AF29: 69 | AG29: 1981.0623 | AH29: 1582.632 | AI29: 1570.9356 | AJ29: 318.9276 | AK29: 265.7052 | AL29: 0.6343811 | AM29: 0.36089561 | AN29: 0.0047232841 | AR29: 18.171742 | AV29: 1962.8905 | BH29: =IFERROR(AO29/SUM($AO29:$BG29),"-") -> 0 | BI29: =IFERROR(AP29/SUM($AO29:$BG29),"-") -> 0 | BJ29: =IFERROR(AQ29/SUM($AO29:$BG29),"-") -> 0 | BK29: =IFERROR(AR29/SUM($AO29:$BG29),"-") -> 0.0091727262 | BL29: =IFERROR(AS29/SUM($AO29:$BG29),"-") -> 0 | BM29: =IFERROR(AT29/SUM($AO29:$BG29),"-") -> 0 | BN29: =IFERROR(AU29/SUM($AO29:$BG29),"-") -> 0 | BO29: =IFERROR(AV29/SUM($AO29:$BG29),"-") -> 0.99082727 | ... BZ29: =IFERROR(BG29/SUM($AO29:$BG29),"-") -> 0
A30: 285 | B30: 285-5 | C30: 2023 | D30: I/S Vestforbrænding | E30: 2600 | F30: Glostrup | G30: 161 | H30: 2 | I30: Storkøbenhavns Fjernvarme | J30: 259 | K30: 10866111 | L30: I/S VESTFORBRÆNDING | M30: 1 | N30: ER | O30: Erhvervsværk | P30: Spidslastkedel 1 på Vestforbr - kedel | Q30: Kedel | R30: 382120 | S30: 383900 | T30: pvp | U30: 26299 | AG30: 50.998005 | AH30: 50.9436 | AI30: 49.5972 | AJ30: 0 | AK30: 0 | AL30: 0.97357077 | AM30: 0 | AN30: 0.026429228 | AR30: 9.5417787 | AU30: 41.456226 | BH30: =IFERROR(AO30/SUM($AO30:$BG30),"-") -> 0 | BI30: =IFERROR(AP30/SUM($AO30:$BG30),"-") -> 0 | BJ30: =IFERROR(AQ30/SUM($AO30:$BG30),"-") -> 0 | BK30: =IFERROR(AR30/SUM($AO30:$BG30),"-") -> 0.18710102 | BL30: =IFERROR(AS30/SUM($AO30:$BG30),"-") -> 0 | BM30: =IFERROR(AT30/SUM($AO30:$BG30),"-") -> 0 | BN30: =IFERROR(AU30/SUM($AO30:$BG30),"-") -> 0.81289898 | BO30: =IFERROR(AV30/SUM($AO30:$BG30),"-") -> 0 | ... BZ30: =IFERROR(BG30/SUM($AO30:$BG30),"-") -> 0
W31: HO | X31: BOILER | Y31: YES | Z31: GAS OIL | AA31: ACTIVE | AB31: HOB_GO | AC31: split from 285-5 | AD31: =filtered_classified!AD28*filtered_classified_split!BK30 -> 4.1573846 | AF31: =filtered_classified!AF28*filtered_classified_split!BK30 -> 3.8075057
W32: HO | X32: BOILER | Y32: YES | Z32: NATURAL GAS | AA32: ACTIVE | AB32: HOB_NG | AC32: split from 285-5 | AD32: =filtered_classified!AD28*filtered_classified_split!BN30 -> 18.062615 | AF32: =filtered_classified!AF28*filtered_classified_split!BN30 -> 16.542494
A33: 285 | B33: 285-6 | C33: 2023 | D33: I/S Vestforbrænding | E33: 2600 | F33: Glostrup | G33: 161 | H33: 2 | I33: Storkøbenhavns Fjernvarme | J33: 259 | K33: 10866111 | L33: I/S VESTFORBRÆNDING | M33: 1 | N33: ER | O33: Erhvervsværk | P33: Spidslastkedel 2 på Vestforbr - kedel | Q33: Kedel | R33: 382120 | S33: 383900 | T33: pvp | U33: 26299 | AE33: 0 | AG33: 44.507155 | AH33: 44.46 | AI33: 43.1136 | AJ33: 0 | AK33: 0 | AL33: 0.9697166 | AM33: 0 | AN33: 0.030283401 | AR33: 8.325427 | AU33: 36.181728 | BH33: =IFERROR(AO33/SUM($AO33:$BG33),"-") -> 0 | BI33: =IFERROR(AP33/SUM($AO33:$BG33),"-") -> 0 | BJ33: =IFERROR(AQ33/SUM($AO33:$BG33),"-") -> 0 | BK33: =IFERROR(AR33/SUM($AO33:$BG33),"-") -> 0.18705817 | BL33: =IFERROR(AS33/SUM($AO33:$BG33),"-") -> 0 | BM33: =IFERROR(AT33/SUM($AO33:$BG33),"-") -> 0 | BN33: =IFERROR(AU33/SUM($AO33:$BG33),"-") -> 0.81294183 | BO33: =IFERROR(AV33/SUM($AO33:$BG33),"-") -> 0 | ... BZ33: =IFERROR(BG33/SUM($AO33:$BG33),"-") -> 0
W34: HO | X34: BOILER | Y34: YES | Z34: GAS OIL | AA34: ACTIVE | AB34: HOB_GO | AC34: split from 285-6 | AD34: =filtered_classified!AD29*filtered_classified_split!BK33 -> 4.1564326 | AF34: =filtered_classified!AF29*filtered_classified_split!BK33 -> 3.8066338
W35: HO | X35: BOILER | Y35: YES | Z35: NATURAL GAS | AA35: ACTIVE | AB35: HOB_NG | AC35: split from 285-6 | AD35: =filtered_classified!AD29*filtered_classified_split!BN33 -> 18.063567 | AF35: =filtered_classified!AF29*filtered_classified_split!BN33 -> 16.543366
A36: 285 | B36: 285-7 | C36: 2023 | D36: I/S Vestforbrænding | E36: 2600 | F36: Glostrup | G36: 161 | H36: 2 | I36: Storkøbenhavns Fjernvarme | J36: 259 | K36: 10866111 | L36: I/S VESTFORBRÆNDING | M36: 1 | N36: ER | O36: Erhvervsværk | P36: Spidslastkedel 3 på Vestforbr - kedel | Q36: Kedel | R36: 382120 | S36: 383900 | T36: pvp | U36: 29587 | AE36: 0 | AG36: 76.870031 | AH36: 62.6724 | AI36: 61.326 | AJ36: 0 | AK36: 0 | AL36: 0.97851686 | AM36: 0 | AN36: 0.021483141 | AR36: 11.736664 | AU36: 65.133367 | BH36: =IFERROR(AO36/SUM($AO36:$BG36),"-") -> 0 | BI36: =IFERROR(AP36/SUM($AO36:$BG36),"-") -> 0 | BJ36: =IFERROR(AQ36/SUM($AO36:$BG36),"-") -> 0 | BK36: =IFERROR(AR36/SUM($AO36:$BG36),"-") -> 0.15268192 | BL36: =IFERROR(AS36/SUM($AO36:$BG36),"-") -> 0 | BM36: =IFERROR(AT36/SUM($AO36:$BG36),"-") -> 0 | BN36: =IFERROR(AU36/SUM($AO36:$BG36),"-") -> 0.84731808 | BO36: =IFERROR(AV36/SUM($AO36:$BG36),"-") -> 0 | ... BZ36: =IFERROR(BG36/SUM($AO36:$BG36),"-") -> 0
W37: HO | X37: BOILER | Y37: YES | Z37: GAS OIL | AA37: ACTIVE | AB37: HOB_GO | AC37: split from 285-7 | AD37: =filtered_classified!AD30*filtered_classified_split!BK36 -> 3.3925923 | AF37: =filtered_classified!AF30*filtered_classified_split!BK36 -> 3.1070771
W38: HO | X38: BOILER | Y38: YES | Z38: NATURAL GAS | AA38: ACTIVE | AB38: HOB_NG | AC38: split from 285-7 | AD38: =filtered_classified!AD30*filtered_classified_split!BN36 -> 18.827408 | AF38: =filtered_classified!AF30*filtered_classified_split!BN36 -> 17.242923
A39: 298 | B39: 298-2 | C39: 2023 | D39: Ishøj Varmeværk Industrivangen | E39: 2635 | F39: Ishøj | G39: 183 | H39: 2 | I39: Storkøbenhavns Fjernvarme | J39: 267 | K39: 11931316 | L39: Ishøj Kommune | N39: FJ | O39: Fjernvarmeværk | P39: Kedel 2 Burmeister & Wain | Q39: Kedel | R39: 353000 | S39: 350030 | T39: fvv | U39: 30286 | W39: HO | X39: BOILER | Y39: NO | Z39: UNKNOWN | AA39: INOPERATIVE | AB39: - | AC39: inoperative, unknown fuel | AD39: 11 | AE39: 0 | AF39: 11 | AG39: 0 | AH39: 0 | AI39: 0 | AJ39: 0 | AK39: 0 | AL39: 1 | AM39: 0 | AN39: 0 | BA39: 0 | BH39: =IFERROR(AO39/SUM($AO39:$BG39),"-") -> - | BI39: =IFERROR(AP39/SUM($AO39:$BG39),"-") -> - | BJ39: =IFERROR(AQ39/SUM($AO39:$BG39),"-") -> - | BK39: =IFERROR(AR39/SUM($AO39:$BG39),"-") -> - | BL39: =IFERROR(AS39/SUM($AO39:$BG39),"-") -> - | BM39: =IFERROR(AT39/SUM($AO39:$BG39),"-") -> - | BN39: =IFERROR(AU39/SUM($AO39:$BG39),"-") -> - | BO39: =IFERROR(AV39/SUM($AO39:$BG39),"-") -> - | ... BZ39: =IFERROR(BG39/SUM($AO39:$BG39),"-") -> -
A40: 298 | B40: 298-4 | C40: 2023 | D40: Ishøj Varmeværk Industrivangen | E40: 2635 | F40: Ishøj | G40: 183 | H40: 2 | I40: Storkøbenhavns Fjernvarme | J40: 267 | K40: 11931316 | L40: Ishøj Kommune | N40: FJ | O40: Fjernvarmeværk | P40: Gaskedlen Viessmann | Q40: Kedel | R40: 353000 | S40: 350030 | T40: fvv | U40: 32874 | W40: HO | X40: BOILER | Y40: NO | Z40: NATURAL GAS | AA40: ACTIVE | AB40: HOB_NG_NOETS | AD40: 2.5 | AE40: 0 | AF40: 2.5 | AG40: 0.033066 | AH40: 0 | AI40: 0 | AJ40: 0 | AK40: 0 | AL40: 1 | AM40: 0 | AN40: 0 | AU40: 0.033066 | BH40: =IFERROR(AO40/SUM($AO40:$BG40),"-") -> 0 | BI40: =IFERROR(AP40/SUM($AO40:$BG40),"-") -> 0 | BJ40: =IFERROR(AQ40/SUM($AO40:$BG40),"-") -> 0 | BK40: =IFERROR(AR40/SUM($AO40:$BG40),"-") -> 0 | BL40: =IFERROR(AS40/SUM($AO40:$BG40),"-") -> 0 | BM40: =IFERROR(AT40/SUM($AO40:$BG40),"-") -> 0 | BN40: =IFERROR(AU40/SUM($AO40:$BG40),"-") -> 1 | BO40: =IFERROR(AV40/SUM($AO40:$BG40),"-") -> 0 | ... BZ40: =IFERROR(BG40/SUM($AO40:$BG40),"-") -> 0
A41: 298 | B41: 298-1 | C41: 2023 | D41: Ishøj Varmeværk Industrivangen | E41: 2635 | F41: Ishøj | G41: 183 | H41: 2 | I41: Storkøbenhavns Fjernvarme | J41: 267 | K41: 11931316 | L41: Ishøj Kommune | N41: FJ | O41: Fjernvarmeværk | P41: Kedel 1 Burmeister & Wain | Q41: Kedel | R41: 353000 | S41: 350030 | T41: fvv | U41: 30256 | W41: HO | X41: BOILER | Y41: NO | Z41: WOOD PELLETS | AA41: ACTIVE | AB41: HOB_WP | AD41: 11 | AE41: 0 | AF41: 11 | AG41: 116.6865 | AH41: 110.019 | AI41: 110.019 | AJ41: 0 | AK41: 0 | AL41: 1 | AM41: 0 | AN41: 0 | BA41: 116.6865 | BH41: =IFERROR(AO41/SUM($AO41:$BG41),"-") -> 0 | BI41: =IFERROR(AP41/SUM($AO41:$BG41),"-") -> 0 | BJ41: =IFERROR(AQ41/SUM($AO41:$BG41),"-") -> 0 | BK41: =IFERROR(AR41/SUM($AO41:$BG41),"-") -> 0 | BL41: =IFERROR(AS41/SUM($AO41:$BG41),"-") -> 0 | BM41: =IFERROR(AT41/SUM($AO41:$BG41),"-") -> 0 | BN41: =IFERROR(AU41/SUM($AO41:$BG41),"-") -> 0 | BO41: =IFERROR(AV41/SUM($AO41:$BG41),"-") -> 0 | ... BZ41: =IFERROR(BG41/SUM($AO41:$BG41),"-") -> 0
A42: 298 | B42: 298-3 | C42: 2023 | D42: Ishøj Varmeværk Industrivangen | E42: 2635 | F42: Ishøj | G42: 183 | H42: 2 | I42: Storkøbenhavns Fjernvarme | J42: 267 | K42: 11931316 | L42: Ishøj Kommune | N42: FJ | O42: Fjernvarmeværk | P42: Kedel 3 Burmeister & Wain | Q42: Kedel | R42: 353000 | S42: 350030 | T42: fvv | U42: 30286 | W42: HO | X42: BOILER | Y42: NO | Z42: UNKNOWN | AA42: INOPERATIVE | AB42: - | AC42: inoperative, unknown fuel | AD42: 11 | AE42: 0 | AF42: 11 | AG42: 0 | AH42: 0 | AI42: 0 | AJ42: 0 | AK42: 0 | AL42: 1 | AM42: 0 | AN42: 0 | BA42: 0 | BH42: =IFERROR(AO42/SUM($AO42:$BG42),"-") -> - | BI42: =IFERROR(AP42/SUM($AO42:$BG42),"-") -> - | BJ42: =IFERROR(AQ42/SUM($AO42:$BG42),"-") -> - | BK42: =IFERROR(AR42/SUM($AO42:$BG42),"-") -> - | BL42: =IFERROR(AS42/SUM($AO42:$BG42),"-") -> - | BM42: =IFERROR(AT42/SUM($AO42:$BG42),"-") -> - | BN42: =IFERROR(AU42/SUM($AO42:$BG42),"-") -> - | BO42: =IFERROR(AV42/SUM($AO42:$BG42),"-") -> - | ... BZ42: =IFERROR(BG42/SUM($AO42:$BG42),"-") -> -
A43: 330 | B43: 330-1 | C43: 2023 | D43: Amagerværket | E43: 2300 | F43: København S | G43: 101 | H43: 2 | I43: Storkøbenhavns Fjernvarme | J43: 2184 | K43: 35523294 | L43: HOFOR ENERGIPRODUKTION A/S | M43: 1 | N43: CE | O43: Centralt værk | P43: AMV1 | Q43: Dampturbine | R43: 351100 | S43: 350010 | T43: cev | U43: 25934 | W43: CHP | X43: STEAM_TURBINE | Y43: YES | Z43: WOOD PELLETS | AA43: ACTIVE | AB43: AMV1 | AD43: 362 | AE43: 64 | AF43: 251 | AG43: 4189.4044 | AH43: 3210.5916 | AI43: 3210.5916 | AJ43: 735.768 | AK43: 607.752 | AL43: 0.61308792 | AM43: 0.38691208 | AN43: 0 | AR43: 35.9544 | BA43: 4153.45 | BH43: =IFERROR(AO43/SUM($AO43:$BG43),"-") -> 0 | BI43: =IFERROR(AP43/SUM($AO43:$BG43),"-") -> 0 | BJ43: =IFERROR(AQ43/SUM($AO43:$BG43),"-") -> 0 | BK43: =IFERROR(AR43/SUM($AO43:$BG43),"-") -> 0.0085822223 | BL43: =IFERROR(AS43/SUM($AO43:$BG43),"-") -> 0 | BM43: =IFERROR(AT43/SUM($AO43:$BG43),"-") -> 0 | BN43: =IFERROR(AU43/SUM($AO43:$BG43),"-") -> 0 | BO43: =IFERROR(AV43/SUM($AO43:$BG43),"-") -> 0 | ... BZ43: =IFERROR(BG43/SUM($AO43:$BG43),"-") -> 0
A44: 330 | B44: 330-6 | C44: 2023 | D44: Amagerværket | E44: 2300 | F44: København S | G44: 101 | H44: 2 | I44: Storkøbenhavns Fjernvarme | J44: 2184 | K44: 35523294 | L44: HOFOR ENERGIPRODUKTION A/S | M44: 1 | N44: CE | O44: Centralt værk | P44: AMV4 | Q44: Dampturbine | R44: 351100 | S44: 350010 | T44: cev | U44: 43709 | W44: CHP | X44: STEAM_TURBINE | Y44: YES | Z44: WOOD CHIPS | AA44: ACTIVE | AB44: AMV4 | AD44: 500 | AE44: 150 | AF44: 400 | AG44: 9701.6458 | AH44: 7612.67 | AI44: 7612.67 | AJ44: 2448.4716 | AK44: 2144.4156 | AL44: 0.62774256 | AM44: 0.37225744 | AN44: 0 | AR44: 14.421378 | AY44: 9687.2245 | BH44: =IFERROR(AO44/SUM($AO44:$BG44),"-") -> 0 | BI44: =IFERROR(AP44/SUM($AO44:$BG44),"-") -> 0 | BJ44: =IFERROR(AQ44/SUM($AO44:$BG44),"-") -> 0 | BK44: =IFERROR(AR44/SUM($AO44:$BG44),"-") -> 0.0014864878 | BL44: =IFERROR(AS44/SUM($AO44:$BG44),"-") -> 0 | BM44: =IFERROR(AT44/SUM($AO44:$BG44),"-") -> 0 | BN44: =IFERROR(AU44/SUM($AO44:$BG44),"-") -> 0 | BO44: =IFERROR(AV44/SUM($AO44:$BG44),"-") -> 0 | ... BZ44: =IFERROR(BG44/SUM($AO44:$BG44),"-") -> 0
A45: 331 | B45: 331-6 | C45: 2023 | D45: H.C. Ørsted Værket | E45: 2450 | F45: København SV | G45: 101 | H45: 2 | I45: Storkøbenhavns Fjernvarme | J45: 2161 | K45: 27446469 | L45: Ørsted Bioenergy & Thermal Power A/S | M45: 1 | N45: CE | O45: Centralt værk | P45: HCV Kedel 22 | Q45: Kedel | R45: 351100 | S45: 350010 | T45: fvv | U45: 38718 | W45: HO | X45: BOILER | Y45: YES | Z45: NATURAL GAS | AA45: ACTIVE | AB45: HOB_NG | AD45: 106 | AE45: 0 | AF45: 99.6 | AG45: 188.27354 | AH45: 168.3829 | AI45: 168.3829 | AJ45: 0 | AK45: 0 | AL45: 1 | AM45: 0 | AN45: 0 | AU45: 188.27354 | BH45: =IFERROR(AO45/SUM($AO45:$BG45),"-") -> 0 | BI45: =IFERROR(AP45/SUM($AO45:$BG45),"-") -> 0 | BJ45: =IFERROR(AQ45/SUM($AO45:$BG45),"-") -> 0 | BK45: =IFERROR(AR45/SUM($AO45:$BG45),"-") -> 0 | BL45: =IFERROR(AS45/SUM($AO45:$BG45),"-") -> 0 | BM45: =IFERROR(AT45/SUM($AO45:$BG45),"-") -> 0 | BN45: =IFERROR(AU45/SUM($AO45:$BG45),"-") -> 1 | BO45: =IFERROR(AV45/SUM($AO45:$BG45),"-") -> 0 | ... BZ45: =IFERROR(BG45/SUM($AO45:$BG45),"-") -> 0
A46: 331 | B46: 331-2 | C46: 2023 | D46: H.C. Ørsted Værket | E46: 2450 | F46: København SV | G46: 101 | H46: 2 | I46: Storkøbenhavns Fjernvarme | J46: 2161 | K46: 27446469 | L46: Ørsted Bioenergy & Thermal Power A/S | M46: 1 | N46: CE | O46: Centralt værk | P46: HCV Blok 7 | Q46: Dampturbine | R46: 351100 | S46: 350010 | T46: cev | U46: 31048 | W46: CHP | X46: STEAM_TURBINE | Y46: YES | Z46: NATURAL GAS | AA46: ACTIVE | AB46: HCV7 | AD46: 200 | AE46: 44.2 | AF46: 142.7 | AG46: 0 | AH46: 0 | AI46: 0 | AJ46: 0 | AK46: 0 | AL46: 1 | AM46: 0 | AN46: 0 | AU46: 0 | BH46: =IFERROR(AO46/SUM($AO46:$BG46),"-") -> - | BI46: =IFERROR(AP46/SUM($AO46:$BG46),"-") -> - | BJ46: =IFERROR(AQ46/SUM($AO46:$BG46),"-") -> - | BK46: =IFERROR(AR46/SUM($AO46:$BG46),"-") -> - | BL46: =IFERROR(AS46/SUM($AO46:$BG46),"-") -> - | BM46: =IFERROR(AT46/SUM($AO46:$BG46),"-") -> - | BN46: =IFERROR(AU46/SUM($AO46:$BG46),"-") -> - | BO46: =IFERROR(AV46/SUM($AO46:$BG46),"-") -> - | ... BZ46: =IFERROR(BG46/SUM($AO46:$BG46),"-") -> -
A47: 331 | B47: 331-4 | C47: 2023 | D47: H.C. Ørsted Værket | E47: 2450 | F47: København SV | G47: 101 | H47: 2 | I47: Storkøbenhavns Fjernvarme | J47: 2161 | K47: 27446469 | L47: Ørsted Bioenergy & Thermal Power A/S | M47: 1 | N47: CE | O47: Centralt værk | P47: HCV blok 8 | Q47: Gasturbine | R47: 351100 | S47: 350010 | T47: cev | U47: 37987 | W47: CHP | X47: GAS_TURBINE | Y47: YES | Z47: NATURAL GAS | AA47: ACTIVE | AB47: HCV8 | AD47: 121 | AE47: 21 | AF47: 92.5 | AG47: 211.02969 | AH47: 135.70306 | AI47: 135.70306 | AJ47: 60.77124 | AK47: 57.9096 | AL47: 0.51444158 | AM47: 0.48555842 | AN47: 0 | AU47: 211.02969 | BH47: =IFERROR(AO47/SUM($AO47:$BG47),"-") -> 0 | BI47: =IFERROR(AP47/SUM($AO47:$BG47),"-") -> 0 | BJ47: =IFERROR(AQ47/SUM($AO47:$BG47),"-") -> 0 | BK47: =IFERROR(AR47/SUM($AO47:$BG47),"-") -> 0 | BL47: =IFERROR(AS47/SUM($AO47:$BG47),"-") -> 0 | BM47: =IFERROR(AT47/SUM($AO47:$BG47),"-") -> 0 | BN47: =IFERROR(AU47/SUM($AO47:$BG47),"-") -> 1 | BO47: =IFERROR(AV47/SUM($AO47:$BG47),"-") -> 0 | ... BZ47: =IFERROR(BG47/SUM($AO47:$BG47),"-") -> 0
A48: 331 | B48: 331-5 | C48: 2023 | D48: H.C. Ørsted Værket | E48: 2450 | F48: København SV | G48: 101 | H48: 2 | I48: Storkøbenhavns Fjernvarme | J48: 2161 | K48: 27446469 | L48: Ørsted Bioenergy & Thermal Power A/S | M48: 1 | N48: CE | O48: Centralt værk | P48: HCV kedel 21 | Q48: Kedel | R48: 351100 | S48: 350010 | T48: fvv | U48: 38718 | W48: HO | X48: BOILER | Y48: YES | Z48: NATURAL GAS | AA48: ACTIVE | AB48: HOB_NG | AD48: 106 | AE48: 0 | AF48: 99.6 | AG48: 123.04188 | AH48: 104.2395 | AI48: 104.2395 | AJ48: 0 | AK48: 0 | AL48: 1 | AM48: 0 | AN48: 0 | AU48: 123.04188 | BH48: =IFERROR(AO48/SUM($AO48:$BG48),"-") -> 0 | BI48: =IFERROR(AP48/SUM($AO48:$BG48),"-") -> 0 | BJ48: =IFERROR(AQ48/SUM($AO48:$BG48),"-") -> 0 | BK48: =IFERROR(AR48/SUM($AO48:$BG48),"-") -> 0 | BL48: =IFERROR(AS48/SUM($AO48:$BG48),"-") -> 0 | BM48: =IFERROR(AT48/SUM($AO48:$BG48),"-") -> 0 | BN48: =IFERROR(AU48/SUM($AO48:$BG48),"-") -> 1 | BO48: =IFERROR(AV48/SUM($AO48:$BG48),"-") -> 0 | ... BZ48: =IFERROR(BG48/SUM($AO48:$BG48),"-") -> 0
A49: 332 | B49: 332-4 | C49: 2023 | D49: Svanemølleværket | E49: 2100 | F49: København Ø | G49: 101 | H49: 2 | I49: Storkøbenhavns Fjernvarme | J49: 2161 | K49: 27446469 | L49: Ørsted Bioenergy & Thermal Power A/S | M49: 1 | N49: CE | O49: Centralt værk | P49: SMV Kedel 22 | Q49: Kedel | R49: 351100 | S49: 350010 | T49: fvv | U49: 39600 | W49: HO | X49: BOILER | Y49: YES | Z49: NATURAL GAS | AA49: ACTIVE | AB49: HOB_NG | AD49: 140.7 | AE49: 0 | AF49: 128 | AG49: 84.76449 | AH49: 74.01452 | AI49: 74.01452 | AJ49: 0 | AK49: 0 | AL49: 1 | AM49: 0 | AN49: 0 | AU49: 84.76449 | BH49: =IFERROR(AO49/SUM($AO49:$BG49),"-") -> 0 | BI49: =IFERROR(AP49/SUM($AO49:$BG49),"-") -> 0 | BJ49: =IFERROR(AQ49/SUM($AO49:$BG49),"-") -> 0 | BK49: =IFERROR(AR49/SUM($AO49:$BG49),"-") -> 0 | BL49: =IFERROR(AS49/SUM($AO49:$BG49),"-") -> 0 | BM49: =IFERROR(AT49/SUM($AO49:$BG49),"-") -> 0 | BN49: =IFERROR(AU49/SUM($AO49:$BG49),"-") -> 1 | BO49: =IFERROR(AV49/SUM($AO49:$BG49),"-") -> 0 | ... BZ49: =IFERROR(BG49/SUM($AO49:$BG49),"-") -> 0
A50: 332 | B50: 332-2 | C50: 2023 | D50: Svanemølleværket | E50: 2100 | F50: København Ø | G50: 101 | H50: 2 | I50: Storkøbenhavns Fjernvarme | J50: 2161 | K50: 27446469 | L50: Ørsted Bioenergy & Thermal Power A/S | M50: 1 | N50: CE | O50: Centralt værk | P50: SMV Blok 7 &#43; SMV1 | Q50: Gasturbine | R50: 351100 | S50: 350010 | T50: cev | U50: 34700 | W50: CHP | X50: GAS_TURBINE | Y50: YES | Z50: NATURAL GAS | AA50: DECOMISSIONED | AB50: - | AC50: decomissioned | AD50: 243 | AE50: 78.5 | AF50: 135 | AG50: 0 | AH50: 0 | AI50: 0 | AJ50: 0 | AK50: 0 | AL50: 1 | AM50: 0 | AN50: 0 | AU50: 0 | BH50: =IFERROR(AO50/SUM($AO50:$BG50),"-") -> - | BI50: =IFERROR(AP50/SUM($AO50:$BG50),"-") -> - | BJ50: =IFERROR(AQ50/SUM($AO50:$BG50),"-") -> - | BK50: =IFERROR(AR50/SUM($AO50:$BG50),"-") -> - | BL50: =IFERROR(AS50/SUM($AO50:$BG50),"-") -> - | BM50: =IFERROR(AT50/SUM($AO50:$BG50),"-") -> - | BN50: =IFERROR(AU50/SUM($AO50:$BG50),"-") -> - | BO50: =IFERROR(AV50/SUM($AO50:$BG50),"-") -> - | ... BZ50: =IFERROR(BG50/SUM($AO50:$BG50),"-") -> -
A51: 332 | B51: 332-3 | C51: 2023 | D51: Svanemølleværket | E51: 2100 | F51: København Ø | G51: 101 | H51: 2 | I51: Storkøbenhavns Fjernvarme | J51: 2161 | K51: 27446469 | L51: Ørsted Bioenergy & Thermal Power A/S | M51: 1 | N51: CE | O51: Centralt værk | P51: SMV Kedel 21 | Q51: Kedel | R51: 351100 | S51: 350010 | T51: fvv | U51: 39156 | W51: HO | X51: BOILER | Y51: YES | Z51: NATURAL GAS | AA51: ACTIVE | AB51: HOB_NG | AD51: 141.1 | AE51: 0 | AF51: 128 | AG51: 97.31843 | AH51: 86.25968 | AI51: 86.25968 | AJ51: 0 | AK51: 0 | AL51: 1 | AM51: 0 | AN51: 0 | AU51: 97.31843 | BH51: =IFERROR(AO51/SUM($AO51:$BG51),"-") -> 0 | BI51: =IFERROR(AP51/SUM($AO51:$BG51),"-") -> 0 | BJ51: =IFERROR(AQ51/SUM($AO51:$BG51),"-") -> 0 | BK51: =IFERROR(AR51/SUM($AO51:$BG51),"-") -> 0 | BL51: =IFERROR(AS51/SUM($AO51:$BG51),"-") -> 0 | BM51: =IFERROR(AT51/SUM($AO51:$BG51),"-") -> 0 | BN51: =IFERROR(AU51/SUM($AO51:$BG51),"-") -> 1 | BO51: =IFERROR(AV51/SUM($AO51:$BG51),"-") -> 0 | ... BZ51: =IFERROR(BG51/SUM($AO51:$BG51),"-") -> 0
A52: 430 | B52: 430-3 | C52: 2023 | D52: Roskilde Varme A/S, Hovedcentralen | E52: 4000 | F52: Roskilde | G52: 265 | H52: 2 | I52: Storkøbenhavns Fjernvarme | J52: 2111 | K52: 32837425 | L52: FORS Varme Roskilde A/S | M52: 1 | N52: FJ | O52: Fjernvarmeværk | P52: Kedel 3 | Q52: Kedel | R52: 353000 | S52: 350030 | T52: fvv | U52: 36526 | W52: HO | X52: BOILER | Y52: YES | Z52: GAS OIL | AA52: ACTIVE | AB52: HOB_GO | AD52: 22.6 | AE52: 0 | AF52: 21.5 | AG52: 1.3587556 | AH52: 0.718 | AI52: 0.718 | AJ52: 0 | AK52: 0 | AL52: 1 | AM52: 0 | AN52: 0 | AR52: 1.3587556 | BH52: =IFERROR(AO52/SUM($AO52:$BG52),"-") -> 0 | BI52: =IFERROR(AP52/SUM($AO52:$BG52),"-") -> 0 | BJ52: =IFERROR(AQ52/SUM($AO52:$BG52),"-") -> 0 | BK52: =IFERROR(AR52/SUM($AO52:$BG52),"-") -> 1 | BL52: =IFERROR(AS52/SUM($AO52:$BG52),"-") -> 0 | BM52: =IFERROR(AT52/SUM($AO52:$BG52),"-") -> 0 | BN52: =IFERROR(AU52/SUM($AO52:$BG52),"-") -> 0 | BO52: =IFERROR(AV52/SUM($AO52:$BG52),"-") -> 0 | ... BZ52: =IFERROR(BG52/SUM($AO52:$BG52),"-") -> 0
