Workbook

Sheet DK-TaxRates
B2: CONVERSION FACTORS
C4: Value | D4: Units | E4: Notes
B5: Energy units | C5: 3.6 | D5: GJ/MWh
C6: =1/C5 -> 0.27777778 | D6: MWh/GJ
B7: Exchange rate | C7: 0.134 | D7: EUR/DKK
C8: 7.4634 | D8: DKK/EUR
B9: Share of biogenic municipal waste | C9: 0.6 | D9: - | E9: - Assumed from ranges found in technology catalogue (Chapter 8, Section Environment)
B10: CHP fuel allocation factor to heat | C10: =1/1.2 -> 0.83333333 | D10: MWhf/MWhh | E10: - How much fuel is allocated to heat, based on heat output
B13: ENERGY CONTENT
B15: Fuel | C15: Value | D15: Unit | E15: Note
B16: Biogas | C16: 0.03803 | D16: GJ/m3
B17: Electricity | C17: 0.001 | D17: MWh/kWh
B18: Industrial heat | C18: 1 | D18: MWh/MWh
B19: Gas oil | C19: 35.9 | D19: GJ/m3 | E19: - Source (skat)
B20: Municipal waste | C20: 11.7 | D20: GJ/ton
B21: Natural gas | C21: 0.03803 | D21: GJ/m3
B22: Wood chips | C22: 10.4 | D22: GJ/ton
B23: Wood pellets | C23: 17.5 | D23: GJ/ton
B24: *Source: SØB25
B26: CARBON CONTENT
B28: Fuel | C28: Value | D28: Unit | E28: Note
B29: Biogas | C29: 0 | D29: kg-CO2/GJ
B30: Electricity | C30: variable | D30: kg-CO2/GJ
B31: Industrial heat | C31: 0 | D31: kg-CO2/GJ | E31: - Assumed from otherwise unavoidable economic activity
B32: Gas oil | C32: 74.1 | D32: kg-CO2/GJ
B33: Municipal waste | C33: 37 | D33: kg-CO2/GJ | E33: - Corresponds to fossil-CO2 content only
B34: Natural gas | C34: 57.1 | D34: kg-CO2/GJ
B35: Wood chips | C35: 0 | D35: kg-CO2/GJ
B36: Wood pellets | C36: 0 | D36: kg-CO2/GJ
B37: *Source: SØB25, DEA Technology Catalogue (municipal waste)
B39: ENERGY AND ELECTRICITY TAX
B41: Fuel | C41: Tax rate | D41: Unit | E41: Note | G41: Tax rate | H41: Unit | K41: HEAT-ONLY | L41: COGENERATION
B42: Biogas | C42: 0.098 | D42: DKK/m3 | G42: =IFERROR(C42*(1/C16)*$C$5*$C$7,"-") -> 1.2431028 | H42: €/MWhf | K42: Heat | L42: Heat | M42: Electricity
B43: Electricity | C43: 0.004 | D43: DKK/kWh | G43: =IFERROR(C43*(1/C17)*$C$7,"-") -> 0.536 | H43: €/MWhf | J43: ETS | K43: ✓ | L43: ✓ | M43: ✗
B44: Industrial heat | C44: 0 | D44: DKK/GJ | E44: - Provider assumed part of energy efficiency program | G44: =IFERROR(C44*(1/C18)*$C$5*$C$7,"-") -> 0 | H44: €/MWhf | J44: non-ETS | K44: ✓ | L44: ✓ | M44: ✗
B45: Gas oil | C45: 1234 | D45: DKK/m3 | G45: =IFERROR(C45*(1/C19)*$C$5*$C$7,"-") -> 16.58166 | H45: €/MWhf | J45: *Tax coverage
B46: Municipal waste (Affaldsvarmeafgift) | C46: 28.8 | D46: DKK/GJ | E46: - Levied on heat output, biodegradable share is exempted | G46: =IFERROR(C46*$C$5*$C$7*(1-$C$9),"-") -> 5.557248 | H46: €/MWhh
B47: Municipal waste (Tillægsafgift) | C47: 14.5 | D47: DKK/GJ | E47: - Levied on fuel energy content, biodegradable share is exempted | G47: =C47*$C$5*$C$7*(1-$C$9) -> 2.79792 | H47: €/MWhf | K47: HEAT-ONLY | L47: COGENERATION
B48: Natural gas | C48: 1.369 | D48: DKK/m3 | G48: =IFERROR(C48*(1/C21)*$C$5*$C$7,"-") -> 17.365385 | H48: €/MWhf | K48: Heat | L48: Heat | M48: Electricity
B49: Wood chips | C49: 0 | D49: DKK/ton | G49: =IFERROR(C49*(1/C22)*$C$5*$C$7,"-") -> 0 | H49: €/MWhf | J49: ETS | K49: 1 | L49: 1 | M49: 0
B50: Wood pellets | C50: 0 | D50: DKK/ton | G50: =IFERROR(C50*(1/C23)*$C$5*$C$7,"-") -> 0 | H50: €/MWhf | J50: non-ETS | K50: 1 | L50: 1 | M50: 0
B51: *Fuel allocated to electricity production is exempt from energy and electricity taxes | J51: *Net tax rate after reimbursements
B52: *Rate sources:
B53: *Elafgiftsloven | C53: Electricity
B54: *Kulafgiftsloven | C54: Municipal waste, industrial heat
B55: *Gasafgiftsloven | C55: Natural gas, biogas
B56: *Mineralolieafgiftsloven | C56: Gasoil
B59: CO2 TAX
B61: Fuel | C61: Tax rate | D61: Unit | E61: Note | G61: Tax rate | H61: Unit | K61: HEAT-ONLY | L61: COGENERATION
B62: Biogas | C62: 0 | D62: DKK/m3 | G62: =IFERROR(C62*(1/C16)*$C$5*$C$7,"-") -> 0 | H62: €/MWhf | K62: Heat | L62: Heat | M62: Electricity
B63: Electricity | C63: - | D63: - | G63: - | H63: - | J63: ETS | K63: ✓ | L63: ✓ | M63: ✗
B64: Industrial heat | C64: - | D64: - | G64: - | H64: - | J64: non-ETS | K64: ✓ | L64: ✓ | M64: ✓
B65: Gas oil | C65: 2248 | D65: DKK/m3 | G65: =IFERROR(C65*(1/C19)*$C$5*$C$7,"-") -> 30.207109 | H65: €/MWhf | J65: *Tax coverage
B66: Municipal waste | C66: 851.8 | D66: DKK/ton-CO2 | E66: - Levied per ton of carbon emitted, only non-biogenic share | G66: =C66*C7 -> 114.1412 | H66: €/ton-CO2
B67: Natural gas | C67: 1.922 | D67: DKK/m3 | G67: =IFERROR(C67*(1/C21)*$C$5*$C$7,"-") -> 24.380037 | H67: €/MWhf | K67: HEAT-ONLY | L67: COGENERATION
B68: Wood chips | C68: - | D68: - | G68: - | H68: - | K68: Heat | L68: Heat | M68: Electricity
B69: Wood pellets | C69: - | D69: - | G69: - | H69: - | J69: ETS | K69: 0.9 | L69: 0.9 | M69: 0
B70: *Rate source: | J70: non-ETS | K70: 1 | L70: 1 | M70: 1
B71: *CO2-afgiftsloven | J71: *Net tax rate after reimbursements
B74: EMISSION TAX
B76: Fuel | C76: Tax rate | D76: Unit | E76: Note | K76: HEAT-ONLY | L76: COGENERATION
B77: Biogas | C77: 0 | D77: DKK/tCO2 | E77: - Assumed unblended with natural gas, therefore exempt | K77: Heat | L77: Heat | M77: Electricity
B78: Electricity | C78: - | D78: - | J78: ETS | K78: ✓ | L78: ✓ | M78: ✓
B79: Industrial heat | C79: - | D79: - | J79: non-ETS | K79: ✓ | L79: ✓ | M79: ✓
B80: Gas oil | C80: 85.2 | D80: DKK/tCO2 | J80: *Tax coverage
B81: Municipal waste | C81: 85.2 | D81: DKK/tCO2
B82: Natural gas | C82: 85.2 | D82: DKK/tCO2 | K82: HEAT-ONLY | L82: COGENERATION
B83: Wood chips | C83: 85.2 | D83: DKK/tCO2 | K83: Heat | L83: Heat | M83: Electricity
B84: Wood pellets | C84: 85.2 | D84: DKK/tCO2 | J84: ETS | K84: 1 | L84: 1 | M84: 1
B85: *Rate source: | J85: non-ETS | K85: 1 | L85: 1 | M85: 1
B86: *Emissionsafgiftsloven | J86: *Net tax rate after reimbursements
B89: SUMMARY
B92: GENERATOR | C92: TYPE | D92: ETS | E92: FUEL | F92: FUEL | G92: HEAT | H92: ELECTRICITY | I92: EMISSIONS | J92: ETS
F93: €/MWhf | G93: €/MWhh | H93: €/MWhe | I93: €/kg-CO2 | J93: €/kg-CO2
B94: AMV1 | C94: BP | D94: TRUE | E94: 'wood pellets' | G94: =$C$10*$G$50*$L$49 -> 0 | I94: =$C$84/1000 -> 0.0852 | J94: ='EU-ETS'!$C$15/1000 -> 0.07343
B95: AMV4 | C95: BP | D95: TRUE | E95: 'wood chips' | G95: =$C$10*$G$49*$L$49 -> 0 | I95: =$C$83/1000 -> 0.0852 | J95: ='EU-ETS'!$C$15/1000 -> 0.07343
B96: ARC | C96: BP | D96: TRUE | E96: 'municipal waste' | G96: =$G$47*$C$10*(1-$C$9)+$G$46*(1-$C$9) -> 3.1555392 | I96: =($G$66+$C$81)/1000 -> 0.1993412 | J96: ='EU-ETS'!$C$15/1000 -> 0.07343
B97: ARGO5 | C97: BP | D97: TRUE | E97: 'municipal waste' | G97: =$G$47*$C$10*(1-$C$9)+$G$46*(1-$C$9) -> 3.1555392 | I97: =($G$66+$C$81)/1000 -> 0.1993412 | J97: ='EU-ETS'!$C$15/1000 -> 0.07343
B98: ARGO6 | C98: BP | D98: TRUE | E98: 'municipal waste' | G98: =$G$47*$C$10*(1-$C$9)+$G$46*(1-$C$9) -> 3.1555392 | I98: =($G$66+$C$81)/1000 -> 0.1993412 | J98: ='EU-ETS'!$C$15/1000 -> 0.07343
B99: AVV1 | C99: EX | D99: TRUE | E99: 'wood pellets' | G99: =$C$10*$G$50*$L$49 -> 0 | I99: =$C$84/1000 -> 0.0852 | J99: ='EU-ETS'!$C$15/1000 -> 0.07343
B100: AVV2 | C100: EX | D100: TRUE | E100: 'wood pellets' | G100: =$C$10*$G$50*$L$49 -> 0 | I100: =$C$84/1000 -> 0.0852 | J100: ='EU-ETS'!$C$15/1000 -> 0.07343
B101: HCV7 | C101: BP | D101: TRUE | E101: 'natural gas' | G101: =$C$10*$G$48*$L$49+$C$10*$G$67*$L$69 -> 32.756182 | I101: =$C$82/1000 -> 0.0852 | J101: ='EU-ETS'!$C$15/1000 -> 0.07343
B102: HCV8 | C102: BP | D102: TRUE | E102: 'natural gas' | G102: =$C$10*$G$48*$L$49+$C$10*$G$67*$L$69 -> 32.756182 | I102: =$C$82/1000 -> 0.0852 | J102: ='EU-ETS'!$C$15/1000 -> 0.07343
B103: KKV8 | C103: BP | D103: TRUE | E103: 'wood chips' | G103: =$C$10*$G$49*$L$49 -> 0 | I103: =$C$83/1000 -> 0.0852 | J103: ='EU-ETS'!$C$15/1000 -> 0.07343
B104: VF5 | C104: BP | D104: TRUE | E104: 'municipal waste' | G104: =$G$47*$C$10*(1-$C$9)+$G$46*(1-$C$9) -> 3.1555392 | I104: =($G$66+$C$81)/1000 -> 0.1993412 | J104: ='EU-ETS'!$C$15/1000 -> 0.07343
B105: VF6 | C105: BP | D105: TRUE | E105: 'municipal waste' | G105: =$G$47*$C$10*(1-$C$9)+$G$46*(1-$C$9) -> 3.1555392 | I105: =($G$66+$C$81)/1000 -> 0.1993412 | J105: ='EU-ETS'!$C$15/1000 -> 0.07343
B106: HOB_BG-S | C106: HO | D106: FALSE | E106: 'biogas' | F106: =$G$42+$G$62 -> 1.2431028
B107: HOB_EL | C107: HO | D107: FALSE | E107: 'electricity' | F107: =$G$43 -> 0.536
B108: HOB_GO-L | C108: HO | D108: TRUE | E108: 'gas oil' | F108: =$G$45+$G$65*$K$69 -> 43.768058 | I108: =$C$80/1000 -> 0.0852 | J108: ='EU-ETS'!$C$15/1000 -> 0.07343
B109: HOB_GO-S | C109: HO | D109: FALSE | E109: 'gas oil' | F109: =$G$45+$G$65 -> 46.788769
B110: HOB_NG-L | C110: HO | D110: TRUE | E110: 'natural gas' | F110: =$G$48+$G$67*$K$69 -> 39.307418 | I110: =$C$82/1000 -> 0.0852 | J110: ='EU-ETS'!$C$15/1000 -> 0.07343
B111: HOB_NG-S | C111: HO | D111: FALSE | E111: 'natural gas' | F111: =$G$48+$G$67 -> 41.745422
B112: HOB_WP-S | C112: HO | D112: FALSE | E112: 'wood pellets' | F112: =$G$50 -> 0
B113: HP_AMBIENT | C113: HO | D113: FALSE | E113: 'electricity' | F113: =$G$43 -> 0.536
B114: HP_PROCESS | C114: HO | D114: FALSE | E114: 'electricity' | F114: =$G$43 -> 0.536
B115: INDUSTRY | C115: HO | D115: FALSE | E115: 'industrial heat' | F115: =$G$44 -> 0
B116: ELECTRIC_CHILLER | C116: CO | D116: FALSE | E116: 'electricity' | F116: =$G$43 -> 0.536
B117: FREE_COOLING | C117: CO | D117: FALSE | E117: 'electricity' | F117: =$G$43 -> 0.536
B118: HP_RECOVERY | C118: HR | D118: FALSE | E118: 'electricity' | F118: =$G$43 -> 0.536
B121: - Energy tax is applied on heat output rather than fuel input for CHPs, to apply allocation rules in a linear way.
...

Sheet DE-TaxRates
B2: ENERGY AND ELECTRICITY TAX
B4: Fuel | C4: Tax rate | D4: Unit | E4: Note | G4: Tax rate | H4: Unit
B5: Biogas | C5: 0 | D5: €/MWhf | G5: 0 | H5: €/MWhf
B6: Electricity | C6: 20.5 | D6: €/MWhf | G6: =C6 -> 20.5 | H6: €/MWhf | J6: CHP exemption | K6: 0
B7: Industrial heat | G7: 0 | H7: €/MWhf
B8: Gas oil | C8: 61.35 | D8: €/m3 | E8: - Full exemption for CHPs assumed | G8: =C8*(1/'DK-TaxRates'!C19)*'DK-TaxRates'!C5 -> 6.1520891 | H8: €/MWhf
B9: Municipal waste | G9: 0 | H9: €/MWhf
B10: Natural gas | C10: 5.5 | D10: €/MWhf | E10: - Full exemption for CHPs assumed | G10: =C10 -> 5.5 | H10: €/MWhf
B11: Wood chips | C11: 0 | D11: €/MWhf | G11: =C11 -> 0 | H11: €/MWhf
B12: Wood pellets | C12: 0 | D12: €/MWhf | G12: =C12 -> 0 | H12: €/MWhf
B15: BEHG
B17: Fuel | C17: Tax rate | D17: Unit | E17: Note
B18: Biogas | C18: 55 | D18: €/tCO2 | E18: - Biogenic, zero emission factor
B19: Electricity
B20: Industrial heat
B21: Gas oil | C21: 55 | D21: €/tCO2
B22: Municipal waste | C22: 55 | D22: €/tCO2 | E22: - Fossil fraction only
B23: Natural gas | C23: 55 | D23: €/tCO2
B24: Wood chips | C24: 55 | D24: €/tCO2 | E24: - Biogenic, zero emission factor
B25: Wood pellets | C25: 55 | D25: €/tCO2 | E25: - Biogenic, zero emission factor
B26: *Only applies for non-ETS plants. Waste incinerators apply as well; they are in ETS but in monitoring state
B29: SUMMARY
B31: GENERATOR | C31: TYPE | D31: ETS | E31: FUEL | F31: FUEL | G31: HEAT | H31: ELECTRICITY | I31: EMISSIONS | J31: ETS
B32: AMV1 | C32: BP | D32: TRUE | E32: 'wood pellets' | F32: =$G$12*$K$6 -> 0 | J32: ='EU-ETS'!$C$15/1000 -> 0.07343
B33: AMV4 | C33: BP | D33: TRUE | E33: 'wood chips' | F33: =$G$11*$K$6 -> 0 | J33: ='EU-ETS'!$C$15/1000 -> 0.07343
B34: ARC | C34: BP | D34: TRUE | E34: 'municipal waste' | F34: =$G$9*$K$6 -> 0 | I34: =$C$22/1000 -> 0.055
B35: ARGO5 | C35: BP | D35: TRUE | E35: 'municipal waste' | F35: =$G$9*$K$6 -> 0 | I35: =$C$22/1000 -> 0.055
B36: ARGO6 | C36: BP | D36: TRUE | E36: 'municipal waste' | F36: =$G$9*$K$6 -> 0 | I36: =$C$22/1000 -> 0.055
B37: AVV1 | C37: EX | D37: TRUE | E37: 'wood pellets' | F37: =$G$12*$K$6 -> 0 | J37: ='EU-ETS'!$C$15/1000 -> 0.07343
B38: AVV2 | C38: EX | D38: TRUE | E38: 'wood pellets' | F38: =$G$12*$K$6 -> 0 | J38: ='EU-ETS'!$C$15/1000 -> 0.07343
B39: HCV7 | C39: BP | D39: TRUE | E39: 'natural gas' | F39: =$G$10*$K$6 -> 0 | J39: ='EU-ETS'!$C$15/1000 -> 0.07343
B40: HCV8 | C40: BP | D40: TRUE | E40: 'natural gas' | F40: =$G$10*$K$6 -> 0 | J40: ='EU-ETS'!$C$15/1000 -> 0.07343
B41: KKV8 | C41: BP | D41: TRUE | E41: 'wood chips' | F41: =$G$11*$K$6 -> 0 | J41: ='EU-ETS'!$C$15/1000 -> 0.07343
B42: VF5 | C42: BP | D42: TRUE | E42: 'municipal waste' | F42: =$G$9*$K$6 -> 0 | I42: =$C$22/1000 -> 0.055
B43: VF6 | C43: BP | D43: TRUE | E43: 'municipal waste' | F43: =$G$9*$K$6 -> 0 | I43: =$C$22/1000 -> 0.055
B44: HOB_BG-S | C44: HO | D44: FALSE | E44: 'biogas' | F44: =$G$5 -> 0 | I44: =$C$18/1000 -> 0.055
B45: HOB_EL | C45: HO | D45: FALSE | E45: 'electricity' | F45: =$G$6 -> 20.5
B46: HOB_GO-L | C46: HO | D46: TRUE | E46: 'gas oil' | F46: =$G$8 -> 6.1520891 | J46: ='EU-ETS'!$C$15/1000 -> 0.07343
B47: HOB_GO-S | C47: HO | D47: FALSE | E47: 'gas oil' | F47: =$G$8 -> 6.1520891 | I47: =$C$21/1000 -> 0.055
B48: HOB_NG-L | C48: HO | D48: TRUE | E48: 'natural gas' | F48: =$G$10 -> 5.5 | J48: ='EU-ETS'!$C$15/1000 -> 0.07343
B49: HOB_NG-S | C49: HO | D49: FALSE | E49: 'natural gas' | F49: =$G$10 -> 5.5 | I49: =$C$23/1000 -> 0.055
B50: HOB_WP-S | C50: HO | D50: FALSE | E50: 'wood pellets' | F50: =$G$12 -> 0 | I50: =$C$25/1000 -> 0.055
B51: HP_AMBIENT | C51: HO | D51: FALSE | E51: 'electricity' | F51: =$G$6 -> 20.5
B52: HP_PROCESS | C52: HO | D52: FALSE | E52: 'electricity' | F52: =$G$6 -> 20.5
B53: INDUSTRY | C53: HO | D53: FALSE | E53: 'industrial heat' | F53: =$G$7 -> 0
B54: ELECTRIC_CHILLER | C54: CO | D54: FALSE | E54: 'electricity' | F54: =$G$6 -> 20.5
B55: FREE_COOLING | C55: CO | D55: FALSE | E55: 'electricity' | F55: =$G$6 -> 20.5
B56: HP_RECOVERY | C56: HR | D56: FALSE | E56: 'electricity' | F56: =$G$6 -> 20.5

Sheet FR-TaxRates
B2: Month (2025) | C2: Electricity | D2: Natural Gas non-ETS | E2: Natural Gas ETS | F2: Gas oil
B3: January | C3: 20.5 | D3: 17.16 | E3: 1.52 | F3: 15.62
B4: February | C4: 0.5 | D4: 17.16 | E4: 1.52 | F4: 15.62
B5: March | C5: 0.5 | D5: 17.16 | E5: 1.52 | F5: 15.62
B6: April | C6: 0.5 | D6: 17.16 | E6: 1.52 | F6: 15.62
B7: May | C7: 0.5 | D7: 17.16 | E7: 1.52 | F7: 15.62
B8: June | C8: 0.5 | D8: 17.16 | E8: 1.52 | F8: 15.62
B9: July | C9: 0.5 | D9: 17.16 | E9: 1.52 | F9: 15.62
B10: August | C10: 0.5 | D10: 15.43 | E10: 1.52 | F10: 15.43
B11: September | C11: 0.5 | D11: 15.43 | E11: 1.52 | F11: 15.43
B12: October | C12: 0.5 | D12: 15.43 | E12: 1.52 | F12: 15.43
B13: November | C13: 0.5 | D13: 15.43 | E13: 1.52 | F13: 15.43
B14: December | C14: 0.5 | D14: 15.43 | E14: 1.52 | F14: 15.43
B15: Mean | C15: =AVERAGE(C3:C14) -> 2.1666667 | D15: =AVERAGE(D3:D14) -> 16.439167 | E15: =AVERAGE(E3:E14) -> 1.52 | F15: =AVERAGE(F3:F14) -> 15.540833
B18: Fuel | C18: Tax rate | D18: Unit | E18: Note
B19: Biogas | C19: 0 | D19: €/MWhf | E19: - Assumed unblended with natural gas, therefore exempt
B20: Electricity | C20: =C15 -> 2.1666667 | D20: €/MWhf | E20: - Annual mean for electro-intensive industries
B21: Industrial heat
B22: Gas oil | C22: =F15 -> 15.540833 | D22: €/MWhf | E22: - Annual mean
B23: Municipal waste | C23: 15 | D23: €/MWhf | E23: - High energy-recovery installation assumed
B24: Natural gas (ETS) | C24: =E15 -> 1.52 | D24: €/MWhf
B25: Natural gas (non-ETS) | C25: =D15 -> 16.439167 | D25: €/MWhf
B26: Wood chips
B27: Wood pellets
B31: SUMMARY
B33: GENERATOR | C33: TYPE | D33: ETS | E33: FUEL | F33: FUEL | G33: HEAT | H33: ELECTRICITY | I33: EMISSIONS | J33: ETS
B34: AMV1 | C34: BP | D34: TRUE | E34: 'wood pellets' | F34: =$C$27 -> 0 | J34: ='EU-ETS'!$C$15/1000 -> 0.07343
B35: AMV4 | C35: BP | D35: TRUE | E35: 'wood chips' | F35: =$C$26 -> 0 | J35: ='EU-ETS'!$C$15/1000 -> 0.07343
B36: ARC | C36: BP | D36: TRUE | E36: 'municipal waste' | F36: =$C$23 -> 15
B37: ARGO5 | C37: BP | D37: TRUE | E37: 'municipal waste' | F37: =$C$23 -> 15
B38: ARGO6 | C38: BP | D38: TRUE | E38: 'municipal waste' | F38: =$C$23 -> 15
B39: AVV1 | C39: EX | D39: TRUE | E39: 'wood pellets' | F39: =$C$27 -> 0 | J39: ='EU-ETS'!$C$15/1000 -> 0.07343
B40: AVV2 | C40: EX | D40: TRUE | E40: 'wood pellets' | F40: =$C$27 -> 0 | J40: ='EU-ETS'!$C$15/1000 -> 0.07343
B41: HCV7 | C41: BP | D41: TRUE | E41: 'natural gas' | F41: =$C$24 -> 1.52 | J41: ='EU-ETS'!$C$15/1000 -> 0.07343
B42: HCV8 | C42: BP | D42: TRUE | E42: 'natural gas' | F42: =$C$24 -> 1.52 | J42: ='EU-ETS'!$C$15/1000 -> 0.07343
B43: KKV8 | C43: BP | D43: TRUE | E43: 'wood chips' | F43: =$C$26 -> 0 | J43: ='EU-ETS'!$C$15/1000 -> 0.07343
B44: VF5 | C44: BP | D44: TRUE | E44: 'municipal waste' | F44: =$C$23 -> 15
B45: VF6 | C45: BP | D45: TRUE | E45: 'municipal waste' | F45: =$C$23 -> 15
B46: HOB_BG-S | C46: HO | D46: FALSE | E46: 'biogas' | F46: =$C$19 -> 0
B47: HOB_EL | C47: HO | D47: FALSE | E47: 'electricity' | F47: =$C$20 -> 2.1666667
B48: HOB_GO-L | C48: HO | D48: TRUE | E48: 'gas oil' | F48: =$C$22 -> 15.540833 | J48: ='EU-ETS'!$C$15/1000 -> 0.07343
B49: HOB_GO-S | C49: HO | D49: FALSE | E49: 'gas oil' | F49: =$C$22 -> 15.540833
B50: HOB_NG-L | C50: HO | D50: TRUE | E50: 'natural gas' | F50: =$C$24 -> 1.52 | J50: ='EU-ETS'!$C$15/1000 -> 0.07343
B51: HOB_NG-S | C51: HO | D51: FALSE | E51: 'natural gas' | F51: =$C$25 -> 16.439167
B52: HOB_WP-S | C52: HO | D52: FALSE | E52: 'wood pellets' | F52: =$C$27 -> 0
B53: HP_AMBIENT | C53: HO | D53: FALSE | E53: 'electricity' | F53: =$C$20 -> 2.1666667
B54: HP_PROCESS | C54: HO | D54: FALSE | E54: 'electricity' | F54: =$C$20 -> 2.1666667
B55: INDUSTRY | C55: HO | D55: FALSE | E55: 'industrial heat'
B56: ELECTRIC_CHILLER | C56: CO | D56: FALSE | E56: 'electricity' | F56: =$C$20 -> 2.1666667
B57: FREE_COOLING | C57: CO | D57: FALSE | E57: 'electricity' | F57: =$C$20 -> 2.1666667
B58: HP_RECOVERY | C58: HR | D58: FALSE | E58: 'electricity' | F58: =$C$20 -> 2.1666667

Sheet EU-ETS
B3: Fuel | C3: DK | E3: FR | G3: DE
C4: HO | D4: CHP | E4: HO | F4: CHP | G4: HO | H4: CHP
B5: Biogas | C5: ✓(0) | D5: ✓(0) | E5: ✓(0) | F5: ✓(0) | G5: ✓(0) | H5: ✓(0)
B6: Electricity | C6: ✗ | D6: ✗ | E6: ✗ | F6: ✗ | G6: ✗ | H6: ✗
B7: Industrial heat | C7: ✗ | D7: ✗ | E7: ✗ | F7: ✗ | G7: ✗ | H7: ✗
B8: Gas oil | C8: ✓ | D8: ✓ | E8: ✓ | F8: ✓ | G8: ✓ | H8: ✓
B9: Municipal waste | C9: ✓ | D9: ✓ | E9: ✗ | F9: ✗ | G9: ✓/✗ | H9: ✓/✗
B10: Natural gas | C10: ✓ | D10: ✓ | E10: ✓ | F10: ✓ | G10: ✓ | H10: ✓
B11: Wood chips | C11: ✓(0) | D11: ✓(0) | E11: ✓(0) | F11: ✓(0) | G11: ✓(0) | H11: ✓(0)
B12: Wood pellets | C12: ✓(0) | D12: ✓(0) | E12: ✓(0) | F12: ✓(0) | G12: ✓(0) | H12: ✓(0)
B15: EU ETS price | C15: =73.43 -> 73.43 | D15: €/ton-CO2
